Panel,Controller,Devices served,Point Tag,Device,Description,I/O,Signal / Range,Units,Wired,Terminated,P2P verified,Func. test,Observed value / state,Notes
LCP-DHC,DDC-DHC-01,DHC-CHW,DHC-CHW.CS-T,DHC-CHW,Supply (CS) temp,AI,4-20mA,°C,☐,☐,☐,☐,,
LCP-DHC,DDC-DHC-01,DHC-CHW,DHC-CHW.CR-T,DHC-CHW,Return (CR) temp,AI,4-20mA,°C,☐,☐,☐,☐,,
LCP-DHC,DDC-DHC-01,DHC-CHW,DHC-CHW.CS-P,DHC-CHW,Supply header pressure,AI,4-20mA,MPa,☐,☐,☐,☐,,
LCP-DHC,DDC-DHC-01,DHC-CHW,DHC-CHW.CR-P,DHC-CHW,Return header pressure,AI,4-20mA,MPa,☐,☐,☐,☐,,
LCP-DHC,DDC-DHC-01,DHC-CHW,DHC-CHW.FLW,DHC-CHW,Intake flow,AI,4-20mA,m³/h,☐,☐,☐,☐,,
LCP-DHC,DDC-DHC-01,DHC-CHW,DHC-CHW.GJ,DHC-CHW,Thermal-energy meter,AI,Pulse/Modbus,GJ,☐,☐,☐,☐,,
LCP-DHC,DDC-DHC-01,DHC-CHW,DHC-CHW.CV,DHC-CHW,Intake control valve,AO,0-10V,%,☐,☐,☐,☐,,
LCP-DHC,DDC-DHC-01,DHC-CHW,DHC-CHW.CVFB,DHC-CHW,Intake valve position fb,AI,4-20mA,%,☐,☐,☐,☐,,
LCP-DHC,DDC-DHC-01,DHC-CHW,DHC-CHW.ISOL,DHC-CHW,Intake isolation valve open/close,BO,DO relay,-,☐,☐,☐,☐,,
LCP-DHC,DDC-DHC-01,DHC-CHW,DHC-CHW.ISOL-ST,DHC-CHW,Isolation valve status,BI,DI dry contact,-,☐,☐,☐,☐,,
LCP-DHC,DDC-DHC-02,DHC-STEAM,DHC-STEAM.SS-P,DHC-STEAM,Supply (SS 8k) pressure,AI,4-20mA,MPa,☐,☐,☐,☐,,
LCP-DHC,DDC-DHC-02,DHC-STEAM,DHC-STEAM.MASS,DHC-STEAM,Steam mass-flow meter,AI,Pulse/Modbus,t/h,☐,☐,☐,☐,,
LCP-DHC,DDC-DHC-02,DHC-STEAM,DHC-STEAM.PRV,DHC-STEAM,PRV 8k->2k reducing valve,AO,0-10V,%,☐,☐,☐,☐,,
LCP-DHC,DDC-DHC-02,DHC-STEAM,DHC-STEAM.SSH2-P,DHC-STEAM,Reduced (SSH 2k) pressure,AI,4-20mA,MPa,☐,☐,☐,☐,,
LCP-DHC,DDC-DHC-02,DHC-STEAM,DHC-STEAM.ISOL,DHC-STEAM,Main isolation valve open/close,BO,DO relay,-,☐,☐,☐,☐,,
LCP-DHC,DDC-DHC-02,DHC-STEAM,DHC-STEAM.ISOL-ST,DHC-STEAM,Isolation valve status,BI,DI dry contact,-,☐,☐,☐,☐,,
LCP-DHC,DDC-DHC-02,DHC-STEAM,DHC-STEAM.HR-M,DHC-STEAM,Condensate (HR) return meter,AI,Pulse/Modbus,L,☐,☐,☐,☐,,
LCP-DHC,DDC-DHC-03,HWT-1,HWT-1.LVL,HWT-1,Tank level,AI,4-20mA,%,☐,☐,☐,☐,,
LCP-DHC,DDC-DHC-03,HWT-1,HWT-1.HI,HWT-1,High-level alarm,BI,DI dry contact,-,☐,☐,☐,☐,,
LCP-DHC,DDC-DHC-03,HWT-1,HWT-1.LO,HWT-1,Low-level alarm,BI,DI dry contact,-,☐,☐,☐,☐,,
LCP-DHC,DDC-DHC-03,HWT-1,HWT-1.T,HWT-1,Condensate temp,AI,4-20mA,°C,☐,☐,☐,☐,,
LCP-DHC,DDC-DHC-03,HWT-1,HWT-1.MU,HWT-1,Make-up water valve,BO,DO relay,-,☐,☐,☐,☐,,
LCP-DHC,DDC-DHC-04,"HP-5-1, HP-5-2, HP-3-1",HP-5-1.RUN,HP-5-1,Run status,BI,DI dry contact,-,☐,☐,☐,☐,,
LCP-DHC,DDC-DHC-04,"HP-5-1, HP-5-2, HP-3-1",HP-5-1.TRIP,HP-5-1,VFD/pump fault,BI,DI dry contact,-,☐,☐,☐,☐,,
LCP-DHC,DDC-DHC-04,"HP-5-1, HP-5-2, HP-3-1",HP-5-1.SS,HP-5-1,Start/Stop command,BO,DO relay,-,☐,☐,☐,☐,,
LCP-DHC,DDC-DHC-04,"HP-5-1, HP-5-2, HP-3-1",HP-5-1.SPD,HP-5-1,VFD speed command,AO,0-10V,%,☐,☐,☐,☐,,
LCP-DHC,DDC-DHC-04,"HP-5-1, HP-5-2, HP-3-1",HP-5-1.SPDFB,HP-5-1,VFD speed feedback,AI,4-20mA,%,☐,☐,☐,☐,,
LCP-DHC,DDC-DHC-04,"HP-5-1, HP-5-2, HP-3-1",HP-5-1.KW,HP-5-1,Power,AI,4-20mA,kW,☐,☐,☐,☐,,
LCP-DHC,DDC-DHC-04,"HP-5-1, HP-5-2, HP-3-1",HP-5-1.FLW,HP-5-1,Flow/DP proof,BI,DI dry contact,-,☐,☐,☐,☐,,
LCP-DHC,DDC-DHC-04,"HP-5-1, HP-5-2, HP-3-1",HP-5-2.RUN,HP-5-2,Run status,BI,DI dry contact,-,☐,☐,☐,☐,,
LCP-DHC,DDC-DHC-04,"HP-5-1, HP-5-2, HP-3-1",HP-5-2.TRIP,HP-5-2,VFD/pump fault,BI,DI dry contact,-,☐,☐,☐,☐,,
LCP-DHC,DDC-DHC-04,"HP-5-1, HP-5-2, HP-3-1",HP-5-2.SS,HP-5-2,Start/Stop command,BO,DO relay,-,☐,☐,☐,☐,,
LCP-DHC,DDC-DHC-04,"HP-5-1, HP-5-2, HP-3-1",HP-5-2.SPD,HP-5-2,VFD speed command,AO,0-10V,%,☐,☐,☐,☐,,
LCP-DHC,DDC-DHC-04,"HP-5-1, HP-5-2, HP-3-1",HP-5-2.SPDFB,HP-5-2,VFD speed feedback,AI,4-20mA,%,☐,☐,☐,☐,,
LCP-DHC,DDC-DHC-04,"HP-5-1, HP-5-2, HP-3-1",HP-5-2.KW,HP-5-2,Power,AI,4-20mA,kW,☐,☐,☐,☐,,
LCP-DHC,DDC-DHC-04,"HP-5-1, HP-5-2, HP-3-1",HP-5-2.FLW,HP-5-2,Flow/DP proof,BI,DI dry contact,-,☐,☐,☐,☐,,
LCP-DHC,DDC-DHC-04,"HP-5-1, HP-5-2, HP-3-1",HP-3-1.RUN,HP-3-1,Run status,BI,DI dry contact,-,☐,☐,☐,☐,,
LCP-DHC,DDC-DHC-04,"HP-5-1, HP-5-2, HP-3-1",HP-3-1.TRIP,HP-3-1,VFD/pump fault,BI,DI dry contact,-,☐,☐,☐,☐,,
LCP-DHC,DDC-DHC-04,"HP-5-1, HP-5-2, HP-3-1",HP-3-1.SS,HP-3-1,Start/Stop command,BO,DO relay,-,☐,☐,☐,☐,,
LCP-DHC,DDC-DHC-04,"HP-5-1, HP-5-2, HP-3-1",HP-3-1.SPD,HP-3-1,VFD speed command,AO,0-10V,%,☐,☐,☐,☐,,
LCP-DHC,DDC-DHC-04,"HP-5-1, HP-5-2, HP-3-1",HP-3-1.SPDFB,HP-3-1,VFD speed feedback,AI,4-20mA,%,☐,☐,☐,☐,,
LCP-DHC,DDC-DHC-04,"HP-5-1, HP-5-2, HP-3-1",HP-3-1.KW,HP-3-1,Power,AI,4-20mA,kW,☐,☐,☐,☐,,
LCP-DHC,DDC-DHC-04,"HP-5-1, HP-5-2, HP-3-1",HP-3-1.FLW,HP-3-1,Flow/DP proof,BI,DI dry contact,-,☐,☐,☐,☐,,
LCP-DHC,DDC-DHC-05,HP-3-2,HP-3-2.RUN,HP-3-2,Run status,BI,DI dry contact,-,☐,☐,☐,☐,,
LCP-DHC,DDC-DHC-05,HP-3-2,HP-3-2.TRIP,HP-3-2,VFD/pump fault,BI,DI dry contact,-,☐,☐,☐,☐,,
LCP-DHC,DDC-DHC-05,HP-3-2,HP-3-2.SS,HP-3-2,Start/Stop command,BO,DO relay,-,☐,☐,☐,☐,,
LCP-DHC,DDC-DHC-05,HP-3-2,HP-3-2.SPD,HP-3-2,VFD speed command,AO,0-10V,%,☐,☐,☐,☐,,
LCP-DHC,DDC-DHC-05,HP-3-2,HP-3-2.SPDFB,HP-3-2,VFD speed feedback,AI,4-20mA,%,☐,☐,☐,☐,,
LCP-DHC,DDC-DHC-05,HP-3-2,HP-3-2.KW,HP-3-2,Power,AI,4-20mA,kW,☐,☐,☐,☐,,
LCP-DHC,DDC-DHC-05,HP-3-2,HP-3-2.FLW,HP-3-2,Flow/DP proof,BI,DI dry contact,-,☐,☐,☐,☐,,
LCP-DHC,DDC-DHC-06,"MTR-ELEC-MAIN, MTR-GAS-MAIN, MTR-WATER-MAIN",MTR-ELEC-MAIN,MTR-ELEC-MAIN,Main electricity (kWh),AI,Pulse/Modbus,kWh,☐,☐,☐,☐,,
LCP-DHC,DDC-DHC-06,"MTR-ELEC-MAIN, MTR-GAS-MAIN, MTR-WATER-MAIN",MTR-GAS-MAIN,MTR-GAS-MAIN,City gas (m³),AI,Pulse/Modbus,m³,☐,☐,☐,☐,,
LCP-DHC,DDC-DHC-06,"MTR-ELEC-MAIN, MTR-GAS-MAIN, MTR-WATER-MAIN",MTR-WATER-MAIN,MTR-WATER-MAIN,City water (m³),AI,Pulse/Modbus,m³,☐,☐,☐,☐,,
LCP-DHC,DDC-DHC-07,"MTR-DHC-CHW, MTR-DHC-STEAM, MTR-DHC-COND",MTR-DHC-CHW,MTR-DHC-CHW,DHC chilled-water energy (受入),AI,Pulse/Modbus,GJ,☐,☐,☐,☐,,
LCP-DHC,DDC-DHC-07,"MTR-DHC-CHW, MTR-DHC-STEAM, MTR-DHC-COND",MTR-DHC-STEAM,MTR-DHC-STEAM,DHC steam energy (受入),AI,Pulse/Modbus,t/h,☐,☐,☐,☐,,
LCP-DHC,DDC-DHC-07,"MTR-DHC-CHW, MTR-DHC-STEAM, MTR-DHC-COND",MTR-DHC-COND,MTR-DHC-COND,DHC condensate return (HR),AI,Pulse/Modbus,L,☐,☐,☐,☐,,
LCP-CT,DDC-CT-01,"CT-1-1, CT-1-2, CT-1",CT-1-1.RUN,CT-1-1,Fan run status,BI,DI dry contact,-,☐,☐,☐,☐,,
LCP-CT,DDC-CT-01,"CT-1-1, CT-1-2, CT-1",CT-1-1.TRIP,CT-1-1,Fan INV fault,BI,DI dry contact,-,☐,☐,☐,☐,,
LCP-CT,DDC-CT-01,"CT-1-1, CT-1-2, CT-1",CT-1-1.SS,CT-1-1,Fan start/stop,BO,DO relay,-,☐,☐,☐,☐,,
LCP-CT,DDC-CT-01,"CT-1-1, CT-1-2, CT-1",CT-1-1.SPD,CT-1-1,Fan VFD speed command,AO,0-10V,%,☐,☐,☐,☐,,
LCP-CT,DDC-CT-01,"CT-1-1, CT-1-2, CT-1",CT-1-1.SPDFB,CT-1-1,Fan speed feedback,AI,4-20mA,%,☐,☐,☐,☐,,
LCP-CT,DDC-CT-01,"CT-1-1, CT-1-2, CT-1",CT-1-2.RUN,CT-1-2,Fan run status,BI,DI dry contact,-,☐,☐,☐,☐,,
LCP-CT,DDC-CT-01,"CT-1-1, CT-1-2, CT-1",CT-1-2.TRIP,CT-1-2,Fan INV fault,BI,DI dry contact,-,☐,☐,☐,☐,,
LCP-CT,DDC-CT-01,"CT-1-1, CT-1-2, CT-1",CT-1-2.SS,CT-1-2,Fan start/stop,BO,DO relay,-,☐,☐,☐,☐,,
LCP-CT,DDC-CT-01,"CT-1-1, CT-1-2, CT-1",CT-1-2.SPD,CT-1-2,Fan VFD speed command,AO,0-10V,%,☐,☐,☐,☐,,
LCP-CT,DDC-CT-01,"CT-1-1, CT-1-2, CT-1",CT-1-2.SPDFB,CT-1-2,Fan speed feedback,AI,4-20mA,%,☐,☐,☐,☐,,
LCP-CT,DDC-CT-01,"CT-1-1, CT-1-2, CT-1",CT-1.LVL,CT-1,Basin water level,AI,4-20mA,%,☐,☐,☐,☐,,
LCP-CT,DDC-CT-01,"CT-1-1, CT-1-2, CT-1",CT-1.MU,CT-1,Make-up water valve,BO,DO relay,-,☐,☐,☐,☐,,
LCP-CT,DDC-CT-01,"CT-1-1, CT-1-2, CT-1",CT-1.BLD,CT-1,Bleed/blowdown valve,BO,DO relay,-,☐,☐,☐,☐,,
LCP-CT,DDC-CT-01,"CT-1-1, CT-1-2, CT-1",CT-1.DRY,CT-1,Low-water (渇水) alarm,BI,DI dry contact,-,☐,☐,☐,☐,,
LCP-CT,DDC-CT-01,"CT-1-1, CT-1-2, CT-1",CT-1.CHEM,CT-1,Chemical dosing (薬注) batch fault,BI,DI dry contact,-,☐,☐,☐,☐,,
LCP-CT,DDC-CT-01,"CT-1-1, CT-1-2, CT-1",CT-1.EH,CT-1,Basin heater (E/H) enable,BO,DO relay,-,☐,☐,☐,☐,,
LCP-CT,DDC-CT-02,"CT-2-1, CT-2-2, CT-2",CT-2-1.RUN,CT-2-1,Fan run status,BI,DI dry contact,-,☐,☐,☐,☐,,
LCP-CT,DDC-CT-02,"CT-2-1, CT-2-2, CT-2",CT-2-1.TRIP,CT-2-1,Fan INV fault,BI,DI dry contact,-,☐,☐,☐,☐,,
LCP-CT,DDC-CT-02,"CT-2-1, CT-2-2, CT-2",CT-2-1.SS,CT-2-1,Fan start/stop,BO,DO relay,-,☐,☐,☐,☐,,
LCP-CT,DDC-CT-02,"CT-2-1, CT-2-2, CT-2",CT-2-1.SPD,CT-2-1,Fan VFD speed command,AO,0-10V,%,☐,☐,☐,☐,,
LCP-CT,DDC-CT-02,"CT-2-1, CT-2-2, CT-2",CT-2-1.SPDFB,CT-2-1,Fan speed feedback,AI,4-20mA,%,☐,☐,☐,☐,,
LCP-CT,DDC-CT-02,"CT-2-1, CT-2-2, CT-2",CT-2-2.RUN,CT-2-2,Fan run status,BI,DI dry contact,-,☐,☐,☐,☐,,
LCP-CT,DDC-CT-02,"CT-2-1, CT-2-2, CT-2",CT-2-2.TRIP,CT-2-2,Fan INV fault,BI,DI dry contact,-,☐,☐,☐,☐,,
LCP-CT,DDC-CT-02,"CT-2-1, CT-2-2, CT-2",CT-2-2.SS,CT-2-2,Fan start/stop,BO,DO relay,-,☐,☐,☐,☐,,
LCP-CT,DDC-CT-02,"CT-2-1, CT-2-2, CT-2",CT-2-2.SPD,CT-2-2,Fan VFD speed command,AO,0-10V,%,☐,☐,☐,☐,,
LCP-CT,DDC-CT-02,"CT-2-1, CT-2-2, CT-2",CT-2-2.SPDFB,CT-2-2,Fan speed feedback,AI,4-20mA,%,☐,☐,☐,☐,,
LCP-CT,DDC-CT-02,"CT-2-1, CT-2-2, CT-2",CT-2.LVL,CT-2,Basin water level,AI,4-20mA,%,☐,☐,☐,☐,,
LCP-CT,DDC-CT-02,"CT-2-1, CT-2-2, CT-2",CT-2.MU,CT-2,Make-up water valve,BO,DO relay,-,☐,☐,☐,☐,,
LCP-CT,DDC-CT-02,"CT-2-1, CT-2-2, CT-2",CT-2.BLD,CT-2,Bleed/blowdown valve,BO,DO relay,-,☐,☐,☐,☐,,
LCP-CT,DDC-CT-02,"CT-2-1, CT-2-2, CT-2",CT-2.DRY,CT-2,Low-water (渇水) alarm,BI,DI dry contact,-,☐,☐,☐,☐,,
LCP-CT,DDC-CT-02,"CT-2-1, CT-2-2, CT-2",CT-2.CHEM,CT-2,Chemical dosing (薬注) batch fault,BI,DI dry contact,-,☐,☐,☐,☐,,
LCP-CT,DDC-CT-02,"CT-2-1, CT-2-2, CT-2",CT-2.EH,CT-2,Basin heater (E/H) enable,BO,DO relay,-,☐,☐,☐,☐,,
LCP-CT,DDC-CT-02,"CT-2-1, CT-2-2, CT-2",CT-2.FILT-RUN,CT-2,Filtration (ろ過) pump run,BI,DI dry contact,-,☐,☐,☐,☐,,
LCP-CT,DDC-CT-02,"CT-2-1, CT-2-2, CT-2",CT-2.FILT-SS,CT-2,Filtration pump start/stop,BO,DO relay,-,☐,☐,☐,☐,,
LCP-CT,DDC-CT-03,"CT-3-1, CT-3",CT-3-1.RUN,CT-3-1,Fan run status,BI,DI dry contact,-,☐,☐,☐,☐,,
LCP-CT,DDC-CT-03,"CT-3-1, CT-3",CT-3-1.TRIP,CT-3-1,Fan INV fault,BI,DI dry contact,-,☐,☐,☐,☐,,
LCP-CT,DDC-CT-03,"CT-3-1, CT-3",CT-3-1.SS,CT-3-1,Fan start/stop,BO,DO relay,-,☐,☐,☐,☐,,
LCP-CT,DDC-CT-03,"CT-3-1, CT-3",CT-3-1.SPD,CT-3-1,Fan VFD speed command,AO,0-10V,%,☐,☐,☐,☐,,
LCP-CT,DDC-CT-03,"CT-3-1, CT-3",CT-3-1.SPDFB,CT-3-1,Fan speed feedback,AI,4-20mA,%,☐,☐,☐,☐,,
LCP-CT,DDC-CT-03,"CT-3-1, CT-3",CT-3.LVL,CT-3,Basin water level,AI,4-20mA,%,☐,☐,☐,☐,,
LCP-CT,DDC-CT-03,"CT-3-1, CT-3",CT-3.MU,CT-3,Make-up water valve,BO,DO relay,-,☐,☐,☐,☐,,
LCP-CT,DDC-CT-03,"CT-3-1, CT-3",CT-3.BLD,CT-3,Bleed/blowdown valve,BO,DO relay,-,☐,☐,☐,☐,,
LCP-CT,DDC-CT-03,"CT-3-1, CT-3",CT-3.DRY,CT-3,Low-water (渇水) alarm,BI,DI dry contact,-,☐,☐,☐,☐,,
LCP-CT,DDC-CT-03,"CT-3-1, CT-3",CT-3.CHEM,CT-3,Chemical dosing (薬注) batch fault,BI,DI dry contact,-,☐,☐,☐,☐,,
LCP-CT,DDC-CT-03,"CT-3-1, CT-3",CT-3.EH,CT-3,Basin heater (E/H) enable,BO,DO relay,-,☐,☐,☐,☐,,
LCP-CT,DDC-CT-04,"CDP-1-1, CDP-1-2, CDP-1-3",CDP-1-1.RUN,CDP-1-1,Run status,BI,DI dry contact,-,☐,☐,☐,☐,,
LCP-CT,DDC-CT-04,"CDP-1-1, CDP-1-2, CDP-1-3",CDP-1-1.TRIP,CDP-1-1,Fault / breaker trip,BI,DI dry contact,-,☐,☐,☐,☐,,
LCP-CT,DDC-CT-04,"CDP-1-1, CDP-1-2, CDP-1-3",CDP-1-1.SS,CDP-1-1,Start/Stop command,BO,DO relay,-,☐,☐,☐,☐,,
LCP-CT,DDC-CT-04,"CDP-1-1, CDP-1-2, CDP-1-3",CDP-1-1.FLW,CDP-1-1,Flow/DP proof,BI,DI dry contact,-,☐,☐,☐,☐,,
LCP-CT,DDC-CT-04,"CDP-1-1, CDP-1-2, CDP-1-3",CDP-1-2.RUN,CDP-1-2,Run status,BI,DI dry contact,-,☐,☐,☐,☐,,
LCP-CT,DDC-CT-04,"CDP-1-1, CDP-1-2, CDP-1-3",CDP-1-2.TRIP,CDP-1-2,Fault / breaker trip,BI,DI dry contact,-,☐,☐,☐,☐,,
LCP-CT,DDC-CT-04,"CDP-1-1, CDP-1-2, CDP-1-3",CDP-1-2.SS,CDP-1-2,Start/Stop command,BO,DO relay,-,☐,☐,☐,☐,,
LCP-CT,DDC-CT-04,"CDP-1-1, CDP-1-2, CDP-1-3",CDP-1-2.FLW,CDP-1-2,Flow/DP proof,BI,DI dry contact,-,☐,☐,☐,☐,,
LCP-CT,DDC-CT-04,"CDP-1-1, CDP-1-2, CDP-1-3",CDP-1-3.RUN,CDP-1-3,Run status,BI,DI dry contact,-,☐,☐,☐,☐,,
LCP-CT,DDC-CT-04,"CDP-1-1, CDP-1-2, CDP-1-3",CDP-1-3.TRIP,CDP-1-3,Fault / breaker trip,BI,DI dry contact,-,☐,☐,☐,☐,,
LCP-CT,DDC-CT-04,"CDP-1-1, CDP-1-2, CDP-1-3",CDP-1-3.SS,CDP-1-3,Start/Stop command,BO,DO relay,-,☐,☐,☐,☐,,
LCP-CT,DDC-CT-04,"CDP-1-1, CDP-1-2, CDP-1-3",CDP-1-3.FLW,CDP-1-3,Flow/DP proof,BI,DI dry contact,-,☐,☐,☐,☐,,
LCP-CT,DDC-CT-05,"CDP-2-1, CDP-2-2, CDP-3-1",CDP-2-1.RUN,CDP-2-1,Run status,BI,DI dry contact,-,☐,☐,☐,☐,,
LCP-CT,DDC-CT-05,"CDP-2-1, CDP-2-2, CDP-3-1",CDP-2-1.TRIP,CDP-2-1,Fault / breaker trip,BI,DI dry contact,-,☐,☐,☐,☐,,
LCP-CT,DDC-CT-05,"CDP-2-1, CDP-2-2, CDP-3-1",CDP-2-1.SS,CDP-2-1,Start/Stop command,BO,DO relay,-,☐,☐,☐,☐,,
LCP-CT,DDC-CT-05,"CDP-2-1, CDP-2-2, CDP-3-1",CDP-2-1.FLW,CDP-2-1,Flow/DP proof,BI,DI dry contact,-,☐,☐,☐,☐,,
LCP-CT,DDC-CT-05,"CDP-2-1, CDP-2-2, CDP-3-1",CDP-2-2.RUN,CDP-2-2,Run status,BI,DI dry contact,-,☐,☐,☐,☐,,
LCP-CT,DDC-CT-05,"CDP-2-1, CDP-2-2, CDP-3-1",CDP-2-2.TRIP,CDP-2-2,Fault / breaker trip,BI,DI dry contact,-,☐,☐,☐,☐,,
LCP-CT,DDC-CT-05,"CDP-2-1, CDP-2-2, CDP-3-1",CDP-2-2.SS,CDP-2-2,Start/Stop command,BO,DO relay,-,☐,☐,☐,☐,,
LCP-CT,DDC-CT-05,"CDP-2-1, CDP-2-2, CDP-3-1",CDP-2-2.FLW,CDP-2-2,Flow/DP proof,BI,DI dry contact,-,☐,☐,☐,☐,,
LCP-CT,DDC-CT-05,"CDP-2-1, CDP-2-2, CDP-3-1",CDP-3-1.RUN,CDP-3-1,Run status,BI,DI dry contact,-,☐,☐,☐,☐,,
LCP-CT,DDC-CT-05,"CDP-2-1, CDP-2-2, CDP-3-1",CDP-3-1.TRIP,CDP-3-1,Fault / breaker trip,BI,DI dry contact,-,☐,☐,☐,☐,,
LCP-CT,DDC-CT-05,"CDP-2-1, CDP-2-2, CDP-3-1",CDP-3-1.SS,CDP-3-1,Start/Stop command,BO,DO relay,-,☐,☐,☐,☐,,
LCP-CT,DDC-CT-05,"CDP-2-1, CDP-2-2, CDP-3-1",CDP-3-1.FLW,CDP-3-1,Flow/DP proof,BI,DI dry contact,-,☐,☐,☐,☐,,
LCP-CT,DDC-CT-06,CDP-3-2,CDP-3-2.RUN,CDP-3-2,Run status,BI,DI dry contact,-,☐,☐,☐,☐,,
LCP-CT,DDC-CT-06,CDP-3-2,CDP-3-2.TRIP,CDP-3-2,Fault / breaker trip,BI,DI dry contact,-,☐,☐,☐,☐,,
LCP-CT,DDC-CT-06,CDP-3-2,CDP-3-2.SS,CDP-3-2,Start/Stop command,BO,DO relay,-,☐,☐,☐,☐,,
LCP-CT,DDC-CT-06,CDP-3-2,CDP-3-2.FLW,CDP-3-2,Flow/DP proof,BI,DI dry contact,-,☐,☐,☐,☐,,
LCP-CT,DDC-CT-07,"EX-1, EMHX-1, EMHX-2",EX-1.EN,EX-1,Free-cooling enable / changeover,BO,DO relay,-,☐,☐,☐,☐,,
LCP-CT,DDC-CT-07,"EX-1, EMHX-1, EMHX-2",EX-1.ST,EX-1,CHW-side leaving temp,AI,4-20mA,°C,☐,☐,☐,☐,,
LCP-CT,DDC-CT-07,"EX-1, EMHX-1, EMHX-2",EX-1.CV,EX-1,CW-side control valve,AO,0-10V,%,☐,☐,☐,☐,,
LCP-CT,DDC-CT-07,"EX-1, EMHX-1, EMHX-2",EMHX-1.EN,EMHX-1,Emergency cooling enable,BO,DO relay,-,☐,☐,☐,☐,,
LCP-CT,DDC-CT-07,"EX-1, EMHX-1, EMHX-2",EMHX-1.ST,EMHX-1,Cooling-water leaving temp,AI,4-20mA,°C,☐,☐,☐,☐,,
LCP-CT,DDC-CT-07,"EX-1, EMHX-1, EMHX-2",EMHX-1.ISOL,EMHX-1,DHC-side isolation valve,BO,DO relay,-,☐,☐,☐,☐,,
LCP-CT,DDC-CT-07,"EX-1, EMHX-1, EMHX-2",EMHX-2.EN,EMHX-2,Emergency cooling enable,BO,DO relay,-,☐,☐,☐,☐,,
LCP-CT,DDC-CT-07,"EX-1, EMHX-1, EMHX-2",EMHX-2.ST,EMHX-2,Cooling-water leaving temp,AI,4-20mA,°C,☐,☐,☐,☐,,
LCP-CT,DDC-CT-07,"EX-1, EMHX-1, EMHX-2",EMHX-2.ISOL,EMHX-2,DHC-side isolation valve,BO,DO relay,-,☐,☐,☐,☐,,
LCP-CT,DDC-CT-08,MTR-CDW-KWH,MTR-CDW-KWH,MTR-CDW-KWH,Cooling-tower/condenser sub-meter,AI,Pulse/Modbus,kWh,☐,☐,☐,☐,,
LCP-HSL,DDC-HSL-01,"EX-2-1, EX-2-2",EX-2-1.P-IN,EX-2-1,Primary inlet temp (laundry),AI,4-20mA,°C,☐,☐,☐,☐,,
LCP-HSL,DDC-HSL-01,"EX-2-1, EX-2-2",EX-2-1.S-OUT,EX-2-1,Secondary outlet (supply) temp,AI,4-20mA,°C,☐,☐,☐,☐,,
LCP-HSL,DDC-HSL-01,"EX-2-1, EX-2-2",EX-2-1.PV,EX-2-1,Primary control valve,AO,0-10V,%,☐,☐,☐,☐,,
LCP-HSL,DDC-HSL-01,"EX-2-1, EX-2-2",EX-2-1.PVFB,EX-2-1,Primary valve position fb,AI,4-20mA,%,☐,☐,☐,☐,,
LCP-HSL,DDC-HSL-01,"EX-2-1, EX-2-2",EX-2-2.P-IN,EX-2-2,Primary inlet temp (laundry),AI,4-20mA,°C,☐,☐,☐,☐,,
LCP-HSL,DDC-HSL-01,"EX-2-1, EX-2-2",EX-2-2.S-OUT,EX-2-2,Secondary outlet (supply) temp,AI,4-20mA,°C,☐,☐,☐,☐,,
LCP-HSL,DDC-HSL-01,"EX-2-1, EX-2-2",EX-2-2.PV,EX-2-2,Primary control valve,AO,0-10V,%,☐,☐,☐,☐,,
LCP-HSL,DDC-HSL-01,"EX-2-1, EX-2-2",EX-2-2.PVFB,EX-2-2,Primary valve position fb,AI,4-20mA,%,☐,☐,☐,☐,,
LCP-HSL,DDC-HSL-02,"CP-1-1, CP-1-2, CP-1-3",CP-1-1.RUN,CP-1-1,Run status,BI,DI dry contact,-,☐,☐,☐,☐,,
LCP-HSL,DDC-HSL-02,"CP-1-1, CP-1-2, CP-1-3",CP-1-1.TRIP,CP-1-1,VFD/pump fault,BI,DI dry contact,-,☐,☐,☐,☐,,
LCP-HSL,DDC-HSL-02,"CP-1-1, CP-1-2, CP-1-3",CP-1-1.SS,CP-1-1,Start/Stop command,BO,DO relay,-,☐,☐,☐,☐,,
LCP-HSL,DDC-HSL-02,"CP-1-1, CP-1-2, CP-1-3",CP-1-1.SPD,CP-1-1,VFD speed command,AO,0-10V,%,☐,☐,☐,☐,,
LCP-HSL,DDC-HSL-02,"CP-1-1, CP-1-2, CP-1-3",CP-1-1.SPDFB,CP-1-1,VFD speed feedback,AI,4-20mA,%,☐,☐,☐,☐,,
LCP-HSL,DDC-HSL-02,"CP-1-1, CP-1-2, CP-1-3",CP-1-1.KW,CP-1-1,Power,AI,4-20mA,kW,☐,☐,☐,☐,,
LCP-HSL,DDC-HSL-02,"CP-1-1, CP-1-2, CP-1-3",CP-1-1.FLW,CP-1-1,Flow/DP proof,BI,DI dry contact,-,☐,☐,☐,☐,,
LCP-HSL,DDC-HSL-02,"CP-1-1, CP-1-2, CP-1-3",CP-1-2.RUN,CP-1-2,Run status,BI,DI dry contact,-,☐,☐,☐,☐,,
LCP-HSL,DDC-HSL-02,"CP-1-1, CP-1-2, CP-1-3",CP-1-2.TRIP,CP-1-2,VFD/pump fault,BI,DI dry contact,-,☐,☐,☐,☐,,
LCP-HSL,DDC-HSL-02,"CP-1-1, CP-1-2, CP-1-3",CP-1-2.SS,CP-1-2,Start/Stop command,BO,DO relay,-,☐,☐,☐,☐,,
LCP-HSL,DDC-HSL-02,"CP-1-1, CP-1-2, CP-1-3",CP-1-2.SPD,CP-1-2,VFD speed command,AO,0-10V,%,☐,☐,☐,☐,,
LCP-HSL,DDC-HSL-02,"CP-1-1, CP-1-2, CP-1-3",CP-1-2.SPDFB,CP-1-2,VFD speed feedback,AI,4-20mA,%,☐,☐,☐,☐,,
LCP-HSL,DDC-HSL-02,"CP-1-1, CP-1-2, CP-1-3",CP-1-2.KW,CP-1-2,Power,AI,4-20mA,kW,☐,☐,☐,☐,,
LCP-HSL,DDC-HSL-02,"CP-1-1, CP-1-2, CP-1-3",CP-1-2.FLW,CP-1-2,Flow/DP proof,BI,DI dry contact,-,☐,☐,☐,☐,,
LCP-HSL,DDC-HSL-02,"CP-1-1, CP-1-2, CP-1-3",CP-1-3.RUN,CP-1-3,Run status,BI,DI dry contact,-,☐,☐,☐,☐,,
LCP-HSL,DDC-HSL-02,"CP-1-1, CP-1-2, CP-1-3",CP-1-3.TRIP,CP-1-3,VFD/pump fault,BI,DI dry contact,-,☐,☐,☐,☐,,
LCP-HSL,DDC-HSL-02,"CP-1-1, CP-1-2, CP-1-3",CP-1-3.SS,CP-1-3,Start/Stop command,BO,DO relay,-,☐,☐,☐,☐,,
LCP-HSL,DDC-HSL-02,"CP-1-1, CP-1-2, CP-1-3",CP-1-3.SPD,CP-1-3,VFD speed command,AO,0-10V,%,☐,☐,☐,☐,,
LCP-HSL,DDC-HSL-02,"CP-1-1, CP-1-2, CP-1-3",CP-1-3.SPDFB,CP-1-3,VFD speed feedback,AI,4-20mA,%,☐,☐,☐,☐,,
LCP-HSL,DDC-HSL-02,"CP-1-1, CP-1-2, CP-1-3",CP-1-3.KW,CP-1-3,Power,AI,4-20mA,kW,☐,☐,☐,☐,,
LCP-HSL,DDC-HSL-02,"CP-1-1, CP-1-2, CP-1-3",CP-1-3.FLW,CP-1-3,Flow/DP proof,BI,DI dry contact,-,☐,☐,☐,☐,,
LCP-HSL,DDC-HSL-03,"CP-4-1, CP-4-2, CP-5-1",CP-4-1.RUN,CP-4-1,Run status,BI,DI dry contact,-,☐,☐,☐,☐,,
LCP-HSL,DDC-HSL-03,"CP-4-1, CP-4-2, CP-5-1",CP-4-1.TRIP,CP-4-1,VFD/pump fault,BI,DI dry contact,-,☐,☐,☐,☐,,
LCP-HSL,DDC-HSL-03,"CP-4-1, CP-4-2, CP-5-1",CP-4-1.SS,CP-4-1,Start/Stop command,BO,DO relay,-,☐,☐,☐,☐,,
LCP-HSL,DDC-HSL-03,"CP-4-1, CP-4-2, CP-5-1",CP-4-1.SPD,CP-4-1,VFD speed command,AO,0-10V,%,☐,☐,☐,☐,,
LCP-HSL,DDC-HSL-03,"CP-4-1, CP-4-2, CP-5-1",CP-4-1.SPDFB,CP-4-1,VFD speed feedback,AI,4-20mA,%,☐,☐,☐,☐,,
LCP-HSL,DDC-HSL-03,"CP-4-1, CP-4-2, CP-5-1",CP-4-1.KW,CP-4-1,Power,AI,4-20mA,kW,☐,☐,☐,☐,,
LCP-HSL,DDC-HSL-03,"CP-4-1, CP-4-2, CP-5-1",CP-4-1.FLW,CP-4-1,Flow/DP proof,BI,DI dry contact,-,☐,☐,☐,☐,,
LCP-HSL,DDC-HSL-03,"CP-4-1, CP-4-2, CP-5-1",CP-4-2.RUN,CP-4-2,Run status,BI,DI dry contact,-,☐,☐,☐,☐,,
LCP-HSL,DDC-HSL-03,"CP-4-1, CP-4-2, CP-5-1",CP-4-2.TRIP,CP-4-2,VFD/pump fault,BI,DI dry contact,-,☐,☐,☐,☐,,
LCP-HSL,DDC-HSL-03,"CP-4-1, CP-4-2, CP-5-1",CP-4-2.SS,CP-4-2,Start/Stop command,BO,DO relay,-,☐,☐,☐,☐,,
LCP-HSL,DDC-HSL-03,"CP-4-1, CP-4-2, CP-5-1",CP-4-2.SPD,CP-4-2,VFD speed command,AO,0-10V,%,☐,☐,☐,☐,,
LCP-HSL,DDC-HSL-03,"CP-4-1, CP-4-2, CP-5-1",CP-4-2.SPDFB,CP-4-2,VFD speed feedback,AI,4-20mA,%,☐,☐,☐,☐,,
LCP-HSL,DDC-HSL-03,"CP-4-1, CP-4-2, CP-5-1",CP-4-2.KW,CP-4-2,Power,AI,4-20mA,kW,☐,☐,☐,☐,,
LCP-HSL,DDC-HSL-03,"CP-4-1, CP-4-2, CP-5-1",CP-4-2.FLW,CP-4-2,Flow/DP proof,BI,DI dry contact,-,☐,☐,☐,☐,,
LCP-HSL,DDC-HSL-03,"CP-4-1, CP-4-2, CP-5-1",CP-5-1.RUN,CP-5-1,Run status,BI,DI dry contact,-,☐,☐,☐,☐,,
LCP-HSL,DDC-HSL-03,"CP-4-1, CP-4-2, CP-5-1",CP-5-1.TRIP,CP-5-1,VFD/pump fault,BI,DI dry contact,-,☐,☐,☐,☐,,
LCP-HSL,DDC-HSL-03,"CP-4-1, CP-4-2, CP-5-1",CP-5-1.SS,CP-5-1,Start/Stop command,BO,DO relay,-,☐,☐,☐,☐,,
LCP-HSL,DDC-HSL-03,"CP-4-1, CP-4-2, CP-5-1",CP-5-1.SPD,CP-5-1,VFD speed command,AO,0-10V,%,☐,☐,☐,☐,,
LCP-HSL,DDC-HSL-03,"CP-4-1, CP-4-2, CP-5-1",CP-5-1.SPDFB,CP-5-1,VFD speed feedback,AI,4-20mA,%,☐,☐,☐,☐,,
LCP-HSL,DDC-HSL-03,"CP-4-1, CP-4-2, CP-5-1",CP-5-1.KW,CP-5-1,Power,AI,4-20mA,kW,☐,☐,☐,☐,,
LCP-HSL,DDC-HSL-03,"CP-4-1, CP-4-2, CP-5-1",CP-5-1.FLW,CP-5-1,Flow/DP proof,BI,DI dry contact,-,☐,☐,☐,☐,,
LCP-HSL,DDC-HSL-04,CP-5-2,CP-5-2.RUN,CP-5-2,Run status,BI,DI dry contact,-,☐,☐,☐,☐,,
LCP-HSL,DDC-HSL-04,CP-5-2,CP-5-2.TRIP,CP-5-2,VFD/pump fault,BI,DI dry contact,-,☐,☐,☐,☐,,
LCP-HSL,DDC-HSL-04,CP-5-2,CP-5-2.SS,CP-5-2,Start/Stop command,BO,DO relay,-,☐,☐,☐,☐,,
LCP-HSL,DDC-HSL-04,CP-5-2,CP-5-2.SPD,CP-5-2,VFD speed command,AO,0-10V,%,☐,☐,☐,☐,,
LCP-HSL,DDC-HSL-04,CP-5-2,CP-5-2.SPDFB,CP-5-2,VFD speed feedback,AI,4-20mA,%,☐,☐,☐,☐,,
LCP-HSL,DDC-HSL-04,CP-5-2,CP-5-2.KW,CP-5-2,Power,AI,4-20mA,kW,☐,☐,☐,☐,,
LCP-HSL,DDC-HSL-04,CP-5-2,CP-5-2.FLW,CP-5-2,Flow/DP proof,BI,DI dry contact,-,☐,☐,☐,☐,,
LCP-HSL,DDC-HSL-05,"HP-1-1, HP-1-2, HP-1-3",HP-1-1.RUN,HP-1-1,Run status,BI,DI dry contact,-,☐,☐,☐,☐,,
LCP-HSL,DDC-HSL-05,"HP-1-1, HP-1-2, HP-1-3",HP-1-1.TRIP,HP-1-1,VFD/pump fault,BI,DI dry contact,-,☐,☐,☐,☐,,
LCP-HSL,DDC-HSL-05,"HP-1-1, HP-1-2, HP-1-3",HP-1-1.SS,HP-1-1,Start/Stop command,BO,DO relay,-,☐,☐,☐,☐,,
LCP-HSL,DDC-HSL-05,"HP-1-1, HP-1-2, HP-1-3",HP-1-1.SPD,HP-1-1,VFD speed command,AO,0-10V,%,☐,☐,☐,☐,,
LCP-HSL,DDC-HSL-05,"HP-1-1, HP-1-2, HP-1-3",HP-1-1.SPDFB,HP-1-1,VFD speed feedback,AI,4-20mA,%,☐,☐,☐,☐,,
LCP-HSL,DDC-HSL-05,"HP-1-1, HP-1-2, HP-1-3",HP-1-1.KW,HP-1-1,Power,AI,4-20mA,kW,☐,☐,☐,☐,,
LCP-HSL,DDC-HSL-05,"HP-1-1, HP-1-2, HP-1-3",HP-1-1.FLW,HP-1-1,Flow/DP proof,BI,DI dry contact,-,☐,☐,☐,☐,,
LCP-HSL,DDC-HSL-05,"HP-1-1, HP-1-2, HP-1-3",HP-1-2.RUN,HP-1-2,Run status,BI,DI dry contact,-,☐,☐,☐,☐,,
LCP-HSL,DDC-HSL-05,"HP-1-1, HP-1-2, HP-1-3",HP-1-2.TRIP,HP-1-2,VFD/pump fault,BI,DI dry contact,-,☐,☐,☐,☐,,
LCP-HSL,DDC-HSL-05,"HP-1-1, HP-1-2, HP-1-3",HP-1-2.SS,HP-1-2,Start/Stop command,BO,DO relay,-,☐,☐,☐,☐,,
LCP-HSL,DDC-HSL-05,"HP-1-1, HP-1-2, HP-1-3",HP-1-2.SPD,HP-1-2,VFD speed command,AO,0-10V,%,☐,☐,☐,☐,,
LCP-HSL,DDC-HSL-05,"HP-1-1, HP-1-2, HP-1-3",HP-1-2.SPDFB,HP-1-2,VFD speed feedback,AI,4-20mA,%,☐,☐,☐,☐,,
LCP-HSL,DDC-HSL-05,"HP-1-1, HP-1-2, HP-1-3",HP-1-2.KW,HP-1-2,Power,AI,4-20mA,kW,☐,☐,☐,☐,,
LCP-HSL,DDC-HSL-05,"HP-1-1, HP-1-2, HP-1-3",HP-1-2.FLW,HP-1-2,Flow/DP proof,BI,DI dry contact,-,☐,☐,☐,☐,,
LCP-HSL,DDC-HSL-05,"HP-1-1, HP-1-2, HP-1-3",HP-1-3.RUN,HP-1-3,Run status,BI,DI dry contact,-,☐,☐,☐,☐,,
LCP-HSL,DDC-HSL-05,"HP-1-1, HP-1-2, HP-1-3",HP-1-3.TRIP,HP-1-3,VFD/pump fault,BI,DI dry contact,-,☐,☐,☐,☐,,
LCP-HSL,DDC-HSL-05,"HP-1-1, HP-1-2, HP-1-3",HP-1-3.SS,HP-1-3,Start/Stop command,BO,DO relay,-,☐,☐,☐,☐,,
LCP-HSL,DDC-HSL-05,"HP-1-1, HP-1-2, HP-1-3",HP-1-3.SPD,HP-1-3,VFD speed command,AO,0-10V,%,☐,☐,☐,☐,,
LCP-HSL,DDC-HSL-05,"HP-1-1, HP-1-2, HP-1-3",HP-1-3.SPDFB,HP-1-3,VFD speed feedback,AI,4-20mA,%,☐,☐,☐,☐,,
LCP-HSL,DDC-HSL-05,"HP-1-1, HP-1-2, HP-1-3",HP-1-3.KW,HP-1-3,Power,AI,4-20mA,kW,☐,☐,☐,☐,,
LCP-HSL,DDC-HSL-05,"HP-1-1, HP-1-2, HP-1-3",HP-1-3.FLW,HP-1-3,Flow/DP proof,BI,DI dry contact,-,☐,☐,☐,☐,,
LCP-HSL,DDC-HSL-06,EXT-1,EXT-1.LVL,EXT-1,Tank level,AI,4-20mA,%,☐,☐,☐,☐,,
LCP-HSL,DDC-HSL-06,EXT-1,EXT-1.HI,EXT-1,High-level alarm,BI,DI dry contact,-,☐,☐,☐,☐,,
LCP-HSL,DDC-HSL-06,EXT-1,EXT-1.LO,EXT-1,Low-level alarm,BI,DI dry contact,-,☐,☐,☐,☐,,
LCP-HSL,DDC-HSL-07,ST-1,ST-1.T,ST-1,Outdoor dry-bulb temp,AI,4-20mA,°C,☐,☐,☐,☐,,
LCP-HSL,DDC-HSL-07,ST-1,ST-1.RH,ST-1,Outdoor humidity,AI,4-20mA,%RH,☐,☐,☐,☐,,
LCP-HSL,DDC-HSL-07,ST-1,ST-1.WB,ST-1,Wet-bulb temp (計測/演算),AI,4-20mA,°C,☐,☐,☐,☐,,
LCP-HSL,DDC-HSL-08,"AC-1, AC-2, AC-3",AC-1.RUN,AC-1,Supply fan run status,BI,DI dry contact,-,☐,☐,☐,☐,,
LCP-HSL,DDC-HSL-08,"AC-1, AC-2, AC-3",AC-1.TRIP,AC-1,Supply fan fault,BI,DI dry contact,-,☐,☐,☐,☐,,
LCP-HSL,DDC-HSL-08,"AC-1, AC-2, AC-3",AC-1.SS,AC-1,Supply fan start/stop,BO,DO relay,-,☐,☐,☐,☐,,
LCP-HSL,DDC-HSL-08,"AC-1, AC-2, AC-3",AC-1.SPD,AC-1,Supply fan speed (fixed),AO,0-10V,%,☐,☐,☐,☐,,
LCP-HSL,DDC-HSL-08,"AC-1, AC-2, AC-3",AC-1.SAT,AC-1,Supply air temp,AI,4-20mA,°C,☐,☐,☐,☐,,
LCP-HSL,DDC-HSL-08,"AC-1, AC-2, AC-3",AC-1.RAT,AC-1,Return air temp,AI,4-20mA,°C,☐,☐,☐,☐,,
LCP-HSL,DDC-HSL-08,"AC-1, AC-2, AC-3",AC-1.CCV,AC-1,Cooling coil (CHW) valve,AO,0-10V,%,☐,☐,☐,☐,,
LCP-HSL,DDC-HSL-08,"AC-1, AC-2, AC-3",AC-1.HCV,AC-1,Heating coil (steam) valve,AO,0-10V,%,☐,☐,☐,☐,,
LCP-HSL,DDC-HSL-08,"AC-1, AC-2, AC-3",AC-1.FLT,AC-1,Filter dirty (DP),BI,DI dry contact,-,☐,☐,☐,☐,,
LCP-HSL,DDC-HSL-08,"AC-1, AC-2, AC-3",AC-1.OAD,AC-1,Outdoor-air damper,AO,0-10V,%,☐,☐,☐,☐,,
LCP-HSL,DDC-HSL-08,"AC-1, AC-2, AC-3",AC-1.FRZ,AC-1,Freeze protection stat,BI,DI dry contact,-,☐,☐,☐,☐,,
LCP-HSL,DDC-HSL-08,"AC-1, AC-2, AC-3",AC-2.RUN,AC-2,Supply fan run status,BI,DI dry contact,-,☐,☐,☐,☐,,
LCP-HSL,DDC-HSL-08,"AC-1, AC-2, AC-3",AC-2.TRIP,AC-2,Supply fan fault,BI,DI dry contact,-,☐,☐,☐,☐,,
LCP-HSL,DDC-HSL-08,"AC-1, AC-2, AC-3",AC-2.SS,AC-2,Supply fan start/stop,BO,DO relay,-,☐,☐,☐,☐,,
LCP-HSL,DDC-HSL-08,"AC-1, AC-2, AC-3",AC-2.SPD,AC-2,Supply fan speed (fixed),AO,0-10V,%,☐,☐,☐,☐,,
LCP-HSL,DDC-HSL-08,"AC-1, AC-2, AC-3",AC-2.SAT,AC-2,Supply air temp,AI,4-20mA,°C,☐,☐,☐,☐,,
LCP-HSL,DDC-HSL-08,"AC-1, AC-2, AC-3",AC-2.RAT,AC-2,Return air temp,AI,4-20mA,°C,☐,☐,☐,☐,,
LCP-HSL,DDC-HSL-08,"AC-1, AC-2, AC-3",AC-2.CCV,AC-2,Cooling coil (CHW) valve,AO,0-10V,%,☐,☐,☐,☐,,
LCP-HSL,DDC-HSL-08,"AC-1, AC-2, AC-3",AC-2.FLT,AC-2,Filter dirty (DP),BI,DI dry contact,-,☐,☐,☐,☐,,
LCP-HSL,DDC-HSL-08,"AC-1, AC-2, AC-3",AC-2.OAD,AC-2,Outdoor-air damper,AO,0-10V,%,☐,☐,☐,☐,,
LCP-HSL,DDC-HSL-08,"AC-1, AC-2, AC-3",AC-3.RUN,AC-3,Supply fan run status,BI,DI dry contact,-,☐,☐,☐,☐,,
LCP-HSL,DDC-HSL-08,"AC-1, AC-2, AC-3",AC-3.TRIP,AC-3,Supply fan fault,BI,DI dry contact,-,☐,☐,☐,☐,,
LCP-HSL,DDC-HSL-08,"AC-1, AC-2, AC-3",AC-3.SS,AC-3,Supply fan start/stop,BO,DO relay,-,☐,☐,☐,☐,,
LCP-HSL,DDC-HSL-08,"AC-1, AC-2, AC-3",AC-3.SPD,AC-3,Supply fan speed (fixed),AO,0-10V,%,☐,☐,☐,☐,,
LCP-HSL,DDC-HSL-08,"AC-1, AC-2, AC-3",AC-3.SAT,AC-3,Supply air temp,AI,4-20mA,°C,☐,☐,☐,☐,,
LCP-HSL,DDC-HSL-08,"AC-1, AC-2, AC-3",AC-3.RAT,AC-3,Return air temp,AI,4-20mA,°C,☐,☐,☐,☐,,
LCP-HSL,DDC-HSL-08,"AC-1, AC-2, AC-3",AC-3.CCV,AC-3,Cooling coil (CHW) valve,AO,0-10V,%,☐,☐,☐,☐,,
LCP-HSL,DDC-HSL-08,"AC-1, AC-2, AC-3",AC-3.FLT,AC-3,Filter dirty (DP),BI,DI dry contact,-,☐,☐,☐,☐,,
LCP-HSL,DDC-HSL-08,"AC-1, AC-2, AC-3",AC-3.OAD,AC-3,Outdoor-air damper,AO,0-10V,%,☐,☐,☐,☐,,
LCP-HSL,DDC-HSL-09,"AC-4, AC-5, AC-6",AC-4.RUN,AC-4,Supply fan run status,BI,DI dry contact,-,☐,☐,☐,☐,,
LCP-HSL,DDC-HSL-09,"AC-4, AC-5, AC-6",AC-4.TRIP,AC-4,Supply fan fault,BI,DI dry contact,-,☐,☐,☐,☐,,
LCP-HSL,DDC-HSL-09,"AC-4, AC-5, AC-6",AC-4.SS,AC-4,Supply fan start/stop,BO,DO relay,-,☐,☐,☐,☐,,
LCP-HSL,DDC-HSL-09,"AC-4, AC-5, AC-6",AC-4.SPD,AC-4,Supply fan VFD (INV) speed,AO,0-10V,%,☐,☐,☐,☐,,
LCP-HSL,DDC-HSL-09,"AC-4, AC-5, AC-6",AC-4.SPDFB,AC-4,Supply fan speed feedback,AI,4-20mA,%,☐,☐,☐,☐,,
LCP-HSL,DDC-HSL-09,"AC-4, AC-5, AC-6",AC-4.SAT,AC-4,Supply air temp,AI,4-20mA,°C,☐,☐,☐,☐,,
LCP-HSL,DDC-HSL-09,"AC-4, AC-5, AC-6",AC-4.RAT,AC-4,Return air temp,AI,4-20mA,°C,☐,☐,☐,☐,,
LCP-HSL,DDC-HSL-09,"AC-4, AC-5, AC-6",AC-4.CCV,AC-4,Cooling coil (CHW) valve,AO,0-10V,%,☐,☐,☐,☐,,
LCP-HSL,DDC-HSL-09,"AC-4, AC-5, AC-6",AC-4.FLT,AC-4,Filter dirty (DP),BI,DI dry contact,-,☐,☐,☐,☐,,
LCP-HSL,DDC-HSL-09,"AC-4, AC-5, AC-6",AC-4.OAD,AC-4,Outdoor-air damper,AO,0-10V,%,☐,☐,☐,☐,,
LCP-HSL,DDC-HSL-09,"AC-4, AC-5, AC-6",AC-5.RUN,AC-5,Supply fan run status,BI,DI dry contact,-,☐,☐,☐,☐,,
LCP-HSL,DDC-HSL-09,"AC-4, AC-5, AC-6",AC-5.TRIP,AC-5,Supply fan fault,BI,DI dry contact,-,☐,☐,☐,☐,,
LCP-HSL,DDC-HSL-09,"AC-4, AC-5, AC-6",AC-5.SS,AC-5,Supply fan start/stop,BO,DO relay,-,☐,☐,☐,☐,,
LCP-HSL,DDC-HSL-09,"AC-4, AC-5, AC-6",AC-5.SPD,AC-5,Supply fan VFD (INV) speed,AO,0-10V,%,☐,☐,☐,☐,,
LCP-HSL,DDC-HSL-09,"AC-4, AC-5, AC-6",AC-5.SPDFB,AC-5,Supply fan speed feedback,AI,4-20mA,%,☐,☐,☐,☐,,
LCP-HSL,DDC-HSL-09,"AC-4, AC-5, AC-6",AC-5.SAT,AC-5,Supply air temp,AI,4-20mA,°C,☐,☐,☐,☐,,
LCP-HSL,DDC-HSL-09,"AC-4, AC-5, AC-6",AC-5.RAT,AC-5,Return air temp,AI,4-20mA,°C,☐,☐,☐,☐,,
LCP-HSL,DDC-HSL-09,"AC-4, AC-5, AC-6",AC-5.CCV,AC-5,Cooling coil (CHW) valve,AO,0-10V,%,☐,☐,☐,☐,,
LCP-HSL,DDC-HSL-09,"AC-4, AC-5, AC-6",AC-5.HCV,AC-5,Heating coil (steam) valve,AO,0-10V,%,☐,☐,☐,☐,,
LCP-HSL,DDC-HSL-09,"AC-4, AC-5, AC-6",AC-5.FLT,AC-5,Filter dirty (DP),BI,DI dry contact,-,☐,☐,☐,☐,,
LCP-HSL,DDC-HSL-09,"AC-4, AC-5, AC-6",AC-5.OAD,AC-5,Outdoor-air damper,AO,0-10V,%,☐,☐,☐,☐,,
LCP-HSL,DDC-HSL-09,"AC-4, AC-5, AC-6",AC-5.FRZ,AC-5,Freeze protection stat,BI,DI dry contact,-,☐,☐,☐,☐,,
LCP-HSL,DDC-HSL-09,"AC-4, AC-5, AC-6",AC-6.RUN,AC-6,Supply fan run status,BI,DI dry contact,-,☐,☐,☐,☐,,
LCP-HSL,DDC-HSL-09,"AC-4, AC-5, AC-6",AC-6.TRIP,AC-6,Supply fan fault,BI,DI dry contact,-,☐,☐,☐,☐,,
LCP-HSL,DDC-HSL-09,"AC-4, AC-5, AC-6",AC-6.SS,AC-6,Supply fan start/stop,BO,DO relay,-,☐,☐,☐,☐,,
LCP-HSL,DDC-HSL-09,"AC-4, AC-5, AC-6",AC-6.SPD,AC-6,Supply fan VFD (INV) speed,AO,0-10V,%,☐,☐,☐,☐,,
LCP-HSL,DDC-HSL-09,"AC-4, AC-5, AC-6",AC-6.SPDFB,AC-6,Supply fan speed feedback,AI,4-20mA,%,☐,☐,☐,☐,,
LCP-HSL,DDC-HSL-09,"AC-4, AC-5, AC-6",AC-6.SAT,AC-6,Supply air temp,AI,4-20mA,°C,☐,☐,☐,☐,,
LCP-HSL,DDC-HSL-09,"AC-4, AC-5, AC-6",AC-6.RAT,AC-6,Return air temp,AI,4-20mA,°C,☐,☐,☐,☐,,
LCP-HSL,DDC-HSL-09,"AC-4, AC-5, AC-6",AC-6.CCV,AC-6,Cooling coil (CHW) valve,AO,0-10V,%,☐,☐,☐,☐,,
LCP-HSL,DDC-HSL-09,"AC-4, AC-5, AC-6",AC-6.HCV,AC-6,Heating coil (steam) valve,AO,0-10V,%,☐,☐,☐,☐,,
LCP-HSL,DDC-HSL-09,"AC-4, AC-5, AC-6",AC-6.FLT,AC-6,Filter dirty (DP),BI,DI dry contact,-,☐,☐,☐,☐,,
LCP-HSL,DDC-HSL-09,"AC-4, AC-5, AC-6",AC-6.OAD,AC-6,Outdoor-air damper,AO,0-10V,%,☐,☐,☐,☐,,
LCP-HSL,DDC-HSL-09,"AC-4, AC-5, AC-6",AC-6.FRZ,AC-6,Freeze protection stat,BI,DI dry contact,-,☐,☐,☐,☐,,
LCP-HSL,DDC-HSL-10,AC-26,AC-26.RUN,AC-26,Supply fan run status,BI,DI dry contact,-,☐,☐,☐,☐,,
LCP-HSL,DDC-HSL-10,AC-26,AC-26.TRIP,AC-26,Supply fan fault,BI,DI dry contact,-,☐,☐,☐,☐,,
LCP-HSL,DDC-HSL-10,AC-26,AC-26.SS,AC-26,Supply fan start/stop,BO,DO relay,-,☐,☐,☐,☐,,
LCP-HSL,DDC-HSL-10,AC-26,AC-26.SPD,AC-26,Supply fan VFD (INV) speed,AO,0-10V,%,☐,☐,☐,☐,,
LCP-HSL,DDC-HSL-10,AC-26,AC-26.SPDFB,AC-26,Supply fan speed feedback,AI,4-20mA,%,☐,☐,☐,☐,,
LCP-HSL,DDC-HSL-10,AC-26,AC-26.SAT,AC-26,Supply air temp,AI,4-20mA,°C,☐,☐,☐,☐,,
LCP-HSL,DDC-HSL-10,AC-26,AC-26.RAT,AC-26,Return air temp,AI,4-20mA,°C,☐,☐,☐,☐,,
LCP-HSL,DDC-HSL-10,AC-26,AC-26.CCV,AC-26,Cooling coil (CHW) valve,AO,0-10V,%,☐,☐,☐,☐,,
LCP-HSL,DDC-HSL-10,AC-26,AC-26.HCV,AC-26,Heating coil (steam) valve,AO,0-10V,%,☐,☐,☐,☐,,
LCP-HSL,DDC-HSL-10,AC-26,AC-26.FLT,AC-26,Filter dirty (DP),BI,DI dry contact,-,☐,☐,☐,☐,,
LCP-HSL,DDC-HSL-10,AC-26,AC-26.OAD,AC-26,Outdoor-air damper,AO,0-10V,%,☐,☐,☐,☐,,
LCP-HSL,DDC-HSL-10,AC-26,AC-26.FRZ,AC-26,Freeze protection stat,BI,DI dry contact,-,☐,☐,☐,☐,,
LCP-HSL,DDC-HSL-11,"FCU-L-N, FCU-L-NE, FCU-L-SE",FCU-L-N.EN,FCU-L-N,Group enable / schedule,BO,DO relay,-,☐,☐,☐,☐,,
LCP-HSL,DDC-HSL-11,"FCU-L-N, FCU-L-NE, FCU-L-SE",FCU-L-N.MODE,FCU-L-N,Cooling/Heating changeover status,BI,DI dry contact,-,☐,☐,☐,☐,,
LCP-HSL,DDC-HSL-11,"FCU-L-N, FCU-L-NE, FCU-L-SE",FCU-L-N.CWV,FCU-L-N,Chilled-water group valve,AO,0-10V,%,☐,☐,☐,☐,,
LCP-HSL,DDC-HSL-11,"FCU-L-N, FCU-L-NE, FCU-L-SE",FCU-L-N.HWV,FCU-L-N,Hot-water group valve,AO,0-10V,%,☐,☐,☐,☐,,
LCP-HSL,DDC-HSL-11,"FCU-L-N, FCU-L-NE, FCU-L-SE",FCU-L-N.CWBV-F,FCU-L-N,Chilled-water BV batch fault,BI,DI dry contact,-,☐,☐,☐,☐,,
LCP-HSL,DDC-HSL-11,"FCU-L-N, FCU-L-NE, FCU-L-SE",FCU-L-N.HWBV-F,FCU-L-N,Hot-water BV batch fault,BI,DI dry contact,-,☐,☐,☐,☐,,
LCP-HSL,DDC-HSL-11,"FCU-L-N, FCU-L-NE, FCU-L-SE",FCU-L-N.RT,FCU-L-N,Zone reference/return temp,AI,4-20mA,°C,☐,☐,☐,☐,,
LCP-HSL,DDC-HSL-11,"FCU-L-N, FCU-L-NE, FCU-L-SE",FCU-L-NE.EN,FCU-L-NE,Group enable / schedule,BO,DO relay,-,☐,☐,☐,☐,,
LCP-HSL,DDC-HSL-11,"FCU-L-N, FCU-L-NE, FCU-L-SE",FCU-L-NE.MODE,FCU-L-NE,Cooling/Heating changeover status,BI,DI dry contact,-,☐,☐,☐,☐,,
LCP-HSL,DDC-HSL-11,"FCU-L-N, FCU-L-NE, FCU-L-SE",FCU-L-NE.CWV,FCU-L-NE,Chilled-water group valve,AO,0-10V,%,☐,☐,☐,☐,,
LCP-HSL,DDC-HSL-11,"FCU-L-N, FCU-L-NE, FCU-L-SE",FCU-L-NE.HWV,FCU-L-NE,Hot-water group valve,AO,0-10V,%,☐,☐,☐,☐,,
LCP-HSL,DDC-HSL-11,"FCU-L-N, FCU-L-NE, FCU-L-SE",FCU-L-NE.CWBV-F,FCU-L-NE,Chilled-water BV batch fault,BI,DI dry contact,-,☐,☐,☐,☐,,
LCP-HSL,DDC-HSL-11,"FCU-L-N, FCU-L-NE, FCU-L-SE",FCU-L-NE.HWBV-F,FCU-L-NE,Hot-water BV batch fault,BI,DI dry contact,-,☐,☐,☐,☐,,
LCP-HSL,DDC-HSL-11,"FCU-L-N, FCU-L-NE, FCU-L-SE",FCU-L-NE.RT,FCU-L-NE,Zone reference/return temp,AI,4-20mA,°C,☐,☐,☐,☐,,
LCP-HSL,DDC-HSL-11,"FCU-L-N, FCU-L-NE, FCU-L-SE",FCU-L-SE.EN,FCU-L-SE,Group enable / schedule,BO,DO relay,-,☐,☐,☐,☐,,
LCP-HSL,DDC-HSL-11,"FCU-L-N, FCU-L-NE, FCU-L-SE",FCU-L-SE.MODE,FCU-L-SE,Cooling/Heating changeover status,BI,DI dry contact,-,☐,☐,☐,☐,,
LCP-HSL,DDC-HSL-11,"FCU-L-N, FCU-L-NE, FCU-L-SE",FCU-L-SE.CWV,FCU-L-SE,Chilled-water group valve,AO,0-10V,%,☐,☐,☐,☐,,
LCP-HSL,DDC-HSL-11,"FCU-L-N, FCU-L-NE, FCU-L-SE",FCU-L-SE.HWV,FCU-L-SE,Hot-water group valve,AO,0-10V,%,☐,☐,☐,☐,,
LCP-HSL,DDC-HSL-11,"FCU-L-N, FCU-L-NE, FCU-L-SE",FCU-L-SE.CWBV-F,FCU-L-SE,Chilled-water BV batch fault,BI,DI dry contact,-,☐,☐,☐,☐,,
LCP-HSL,DDC-HSL-11,"FCU-L-N, FCU-L-NE, FCU-L-SE",FCU-L-SE.HWBV-F,FCU-L-SE,Hot-water BV batch fault,BI,DI dry contact,-,☐,☐,☐,☐,,
LCP-HSL,DDC-HSL-11,"FCU-L-N, FCU-L-NE, FCU-L-SE",FCU-L-SE.RT,FCU-L-SE,Zone reference/return temp,AI,4-20mA,°C,☐,☐,☐,☐,,
LCP-HSL,DDC-HSL-12,"FCU-L-S, FCU-L-SW",FCU-L-S.EN,FCU-L-S,Group enable / schedule,BO,DO relay,-,☐,☐,☐,☐,,
LCP-HSL,DDC-HSL-12,"FCU-L-S, FCU-L-SW",FCU-L-S.MODE,FCU-L-S,Cooling/Heating changeover status,BI,DI dry contact,-,☐,☐,☐,☐,,
LCP-HSL,DDC-HSL-12,"FCU-L-S, FCU-L-SW",FCU-L-S.CWV,FCU-L-S,Chilled-water group valve,AO,0-10V,%,☐,☐,☐,☐,,
LCP-HSL,DDC-HSL-12,"FCU-L-S, FCU-L-SW",FCU-L-S.HWV,FCU-L-S,Hot-water group valve,AO,0-10V,%,☐,☐,☐,☐,,
LCP-HSL,DDC-HSL-12,"FCU-L-S, FCU-L-SW",FCU-L-S.CWBV-F,FCU-L-S,Chilled-water BV batch fault,BI,DI dry contact,-,☐,☐,☐,☐,,
LCP-HSL,DDC-HSL-12,"FCU-L-S, FCU-L-SW",FCU-L-S.HWBV-F,FCU-L-S,Hot-water BV batch fault,BI,DI dry contact,-,☐,☐,☐,☐,,
LCP-HSL,DDC-HSL-12,"FCU-L-S, FCU-L-SW",FCU-L-S.RT,FCU-L-S,Zone reference/return temp,AI,4-20mA,°C,☐,☐,☐,☐,,
LCP-HSL,DDC-HSL-12,"FCU-L-S, FCU-L-SW",FCU-L-SW.EN,FCU-L-SW,Group enable / schedule,BO,DO relay,-,☐,☐,☐,☐,,
LCP-HSL,DDC-HSL-12,"FCU-L-S, FCU-L-SW",FCU-L-SW.MODE,FCU-L-SW,Cooling/Heating changeover status,BI,DI dry contact,-,☐,☐,☐,☐,,
LCP-HSL,DDC-HSL-12,"FCU-L-S, FCU-L-SW",FCU-L-SW.CWV,FCU-L-SW,Chilled-water group valve,AO,0-10V,%,☐,☐,☐,☐,,
LCP-HSL,DDC-HSL-12,"FCU-L-S, FCU-L-SW",FCU-L-SW.HWV,FCU-L-SW,Hot-water group valve,AO,0-10V,%,☐,☐,☐,☐,,
LCP-HSL,DDC-HSL-12,"FCU-L-S, FCU-L-SW",FCU-L-SW.CWBV-F,FCU-L-SW,Chilled-water BV batch fault,BI,DI dry contact,-,☐,☐,☐,☐,,
LCP-HSL,DDC-HSL-12,"FCU-L-S, FCU-L-SW",FCU-L-SW.HWBV-F,FCU-L-SW,Hot-water BV batch fault,BI,DI dry contact,-,☐,☐,☐,☐,,
LCP-HSL,DDC-HSL-12,"FCU-L-S, FCU-L-SW",FCU-L-SW.RT,FCU-L-SW,Zone reference/return temp,AI,4-20mA,°C,☐,☐,☐,☐,,
LCP-HSL,DDC-HSL-13,"SF-6, EF-28, EF-32",SF-6.SS,SF-6,Start/Stop command,BO,DO relay,-,☐,☐,☐,☐,,
LCP-HSL,DDC-HSL-13,"SF-6, EF-28, EF-32",SF-6.RUN,SF-6,Run status,BI,DI dry contact,-,☐,☐,☐,☐,,
LCP-HSL,DDC-HSL-13,"SF-6, EF-28, EF-32",SF-6.TRIP,SF-6,Fault,BI,DI dry contact,-,☐,☐,☐,☐,,
LCP-HSL,DDC-HSL-13,"SF-6, EF-28, EF-32",EF-28.SS,EF-28,Start/Stop command,BO,DO relay,-,☐,☐,☐,☐,,
LCP-HSL,DDC-HSL-13,"SF-6, EF-28, EF-32",EF-28.RUN,EF-28,Run status,BI,DI dry contact,-,☐,☐,☐,☐,,
LCP-HSL,DDC-HSL-13,"SF-6, EF-28, EF-32",EF-28.TRIP,EF-28,Fault,BI,DI dry contact,-,☐,☐,☐,☐,,
LCP-HSL,DDC-HSL-13,"SF-6, EF-28, EF-32",EF-32.SS,EF-32,Start/Stop command,BO,DO relay,-,☐,☐,☐,☐,,
LCP-HSL,DDC-HSL-13,"SF-6, EF-28, EF-32",EF-32.RUN,EF-32,Run status,BI,DI dry contact,-,☐,☐,☐,☐,,
LCP-HSL,DDC-HSL-13,"SF-6, EF-28, EF-32",EF-32.TRIP,EF-32,Fault,BI,DI dry contact,-,☐,☐,☐,☐,,
LCP-HSL,DDC-HSL-14,"EF-33, EF-97, RF-7",EF-33.SS,EF-33,Start/Stop command,BO,DO relay,-,☐,☐,☐,☐,,
LCP-HSL,DDC-HSL-14,"EF-33, EF-97, RF-7",EF-33.RUN,EF-33,Run status,BI,DI dry contact,-,☐,☐,☐,☐,,
LCP-HSL,DDC-HSL-14,"EF-33, EF-97, RF-7",EF-33.TRIP,EF-33,Fault,BI,DI dry contact,-,☐,☐,☐,☐,,
LCP-HSL,DDC-HSL-14,"EF-33, EF-97, RF-7",EF-97.SS,EF-97,Start/Stop command,BO,DO relay,-,☐,☐,☐,☐,,
LCP-HSL,DDC-HSL-14,"EF-33, EF-97, RF-7",EF-97.RUN,EF-97,Run status,BI,DI dry contact,-,☐,☐,☐,☐,,
LCP-HSL,DDC-HSL-14,"EF-33, EF-97, RF-7",EF-97.TRIP,EF-97,Fault,BI,DI dry contact,-,☐,☐,☐,☐,,
LCP-HSL,DDC-HSL-14,"EF-33, EF-97, RF-7",RF-7.SS,RF-7,Start/Stop command,BO,DO relay,-,☐,☐,☐,☐,,
LCP-HSL,DDC-HSL-14,"EF-33, EF-97, RF-7",RF-7.RUN,RF-7,Run status,BI,DI dry contact,-,☐,☐,☐,☐,,
LCP-HSL,DDC-HSL-14,"EF-33, EF-97, RF-7",RF-7.TRIP,RF-7,Fault,BI,DI dry contact,-,☐,☐,☐,☐,,
LCP-HSL,DDC-HSL-15,"RF-8, RF-9",RF-8.SS,RF-8,Start/Stop command,BO,DO relay,-,☐,☐,☐,☐,,
LCP-HSL,DDC-HSL-15,"RF-8, RF-9",RF-8.RUN,RF-8,Run status,BI,DI dry contact,-,☐,☐,☐,☐,,
LCP-HSL,DDC-HSL-15,"RF-8, RF-9",RF-8.TRIP,RF-8,Fault,BI,DI dry contact,-,☐,☐,☐,☐,,
LCP-HSL,DDC-HSL-15,"RF-8, RF-9",RF-9.SS,RF-9,Start/Stop command,BO,DO relay,-,☐,☐,☐,☐,,
LCP-HSL,DDC-HSL-15,"RF-8, RF-9",RF-9.RUN,RF-9,Run status,BI,DI dry contact,-,☐,☐,☐,☐,,
LCP-HSL,DDC-HSL-15,"RF-8, RF-9",RF-9.TRIP,RF-9,Fault,BI,DI dry contact,-,☐,☐,☐,☐,,
LCP-HSL,DDC-HSL-16,POOL-FP,POOL-FP.SS,POOL-FP,Start/Stop command,BO,DO relay,-,☐,☐,☐,☐,,
LCP-HSL,DDC-HSL-16,POOL-FP,POOL-FP.RUN,POOL-FP,Run status,BI,DI dry contact,-,☐,☐,☐,☐,,
LCP-HSL,DDC-HSL-16,POOL-FP,POOL-FP.TRIP,POOL-FP,Fault,BI,DI dry contact,-,☐,☐,☐,☐,,
LCP-HSL,DDC-HSL-17,MTR-AHU-KWH,MTR-AHU-KWH,MTR-AHU-KWH,AHU/OAU fans sub-meter,AI,Pulse/Modbus,kWh,☐,☐,☐,☐,,
LCP-HSH,DDC-HSH-01,"EX-3-1, EX-3-2",EX-3-1.P-IN,EX-3-1,Primary inlet temp (kitchen),AI,4-20mA,°C,☐,☐,☐,☐,,
LCP-HSH,DDC-HSH-01,"EX-3-1, EX-3-2",EX-3-1.S-OUT,EX-3-1,Secondary outlet (supply) temp,AI,4-20mA,°C,☐,☐,☐,☐,,
LCP-HSH,DDC-HSH-01,"EX-3-1, EX-3-2",EX-3-1.PV,EX-3-1,Primary control valve,AO,0-10V,%,☐,☐,☐,☐,,
LCP-HSH,DDC-HSH-01,"EX-3-1, EX-3-2",EX-3-1.PVFB,EX-3-1,Primary valve position fb,AI,4-20mA,%,☐,☐,☐,☐,,
LCP-HSH,DDC-HSH-01,"EX-3-1, EX-3-2",EX-3-2.P-IN,EX-3-2,Primary inlet temp (kitchen),AI,4-20mA,°C,☐,☐,☐,☐,,
LCP-HSH,DDC-HSH-01,"EX-3-1, EX-3-2",EX-3-2.S-OUT,EX-3-2,Secondary outlet (supply) temp,AI,4-20mA,°C,☐,☐,☐,☐,,
LCP-HSH,DDC-HSH-01,"EX-3-1, EX-3-2",EX-3-2.PV,EX-3-2,Primary control valve,AO,0-10V,%,☐,☐,☐,☐,,
LCP-HSH,DDC-HSH-01,"EX-3-1, EX-3-2",EX-3-2.PVFB,EX-3-2,Primary valve position fb,AI,4-20mA,%,☐,☐,☐,☐,,
LCP-HSH,DDC-HSH-02,"CP-2-1, CP-2-2, CP-2-3",CP-2-1.RUN,CP-2-1,Run status,BI,DI dry contact,-,☐,☐,☐,☐,,
LCP-HSH,DDC-HSH-02,"CP-2-1, CP-2-2, CP-2-3",CP-2-1.TRIP,CP-2-1,VFD/pump fault,BI,DI dry contact,-,☐,☐,☐,☐,,
LCP-HSH,DDC-HSH-02,"CP-2-1, CP-2-2, CP-2-3",CP-2-1.SS,CP-2-1,Start/Stop command,BO,DO relay,-,☐,☐,☐,☐,,
LCP-HSH,DDC-HSH-02,"CP-2-1, CP-2-2, CP-2-3",CP-2-1.SPD,CP-2-1,VFD speed command,AO,0-10V,%,☐,☐,☐,☐,,
LCP-HSH,DDC-HSH-02,"CP-2-1, CP-2-2, CP-2-3",CP-2-1.SPDFB,CP-2-1,VFD speed feedback,AI,4-20mA,%,☐,☐,☐,☐,,
LCP-HSH,DDC-HSH-02,"CP-2-1, CP-2-2, CP-2-3",CP-2-1.KW,CP-2-1,Power,AI,4-20mA,kW,☐,☐,☐,☐,,
LCP-HSH,DDC-HSH-02,"CP-2-1, CP-2-2, CP-2-3",CP-2-1.FLW,CP-2-1,Flow/DP proof,BI,DI dry contact,-,☐,☐,☐,☐,,
LCP-HSH,DDC-HSH-02,"CP-2-1, CP-2-2, CP-2-3",CP-2-2.RUN,CP-2-2,Run status,BI,DI dry contact,-,☐,☐,☐,☐,,
LCP-HSH,DDC-HSH-02,"CP-2-1, CP-2-2, CP-2-3",CP-2-2.TRIP,CP-2-2,VFD/pump fault,BI,DI dry contact,-,☐,☐,☐,☐,,
LCP-HSH,DDC-HSH-02,"CP-2-1, CP-2-2, CP-2-3",CP-2-2.SS,CP-2-2,Start/Stop command,BO,DO relay,-,☐,☐,☐,☐,,
LCP-HSH,DDC-HSH-02,"CP-2-1, CP-2-2, CP-2-3",CP-2-2.SPD,CP-2-2,VFD speed command,AO,0-10V,%,☐,☐,☐,☐,,
LCP-HSH,DDC-HSH-02,"CP-2-1, CP-2-2, CP-2-3",CP-2-2.SPDFB,CP-2-2,VFD speed feedback,AI,4-20mA,%,☐,☐,☐,☐,,
LCP-HSH,DDC-HSH-02,"CP-2-1, CP-2-2, CP-2-3",CP-2-2.KW,CP-2-2,Power,AI,4-20mA,kW,☐,☐,☐,☐,,
LCP-HSH,DDC-HSH-02,"CP-2-1, CP-2-2, CP-2-3",CP-2-2.FLW,CP-2-2,Flow/DP proof,BI,DI dry contact,-,☐,☐,☐,☐,,
LCP-HSH,DDC-HSH-02,"CP-2-1, CP-2-2, CP-2-3",CP-2-3.RUN,CP-2-3,Run status,BI,DI dry contact,-,☐,☐,☐,☐,,
LCP-HSH,DDC-HSH-02,"CP-2-1, CP-2-2, CP-2-3",CP-2-3.TRIP,CP-2-3,VFD/pump fault,BI,DI dry contact,-,☐,☐,☐,☐,,
LCP-HSH,DDC-HSH-02,"CP-2-1, CP-2-2, CP-2-3",CP-2-3.SS,CP-2-3,Start/Stop command,BO,DO relay,-,☐,☐,☐,☐,,
LCP-HSH,DDC-HSH-02,"CP-2-1, CP-2-2, CP-2-3",CP-2-3.SPD,CP-2-3,VFD speed command,AO,0-10V,%,☐,☐,☐,☐,,
LCP-HSH,DDC-HSH-02,"CP-2-1, CP-2-2, CP-2-3",CP-2-3.SPDFB,CP-2-3,VFD speed feedback,AI,4-20mA,%,☐,☐,☐,☐,,
LCP-HSH,DDC-HSH-02,"CP-2-1, CP-2-2, CP-2-3",CP-2-3.KW,CP-2-3,Power,AI,4-20mA,kW,☐,☐,☐,☐,,
LCP-HSH,DDC-HSH-02,"CP-2-1, CP-2-2, CP-2-3",CP-2-3.FLW,CP-2-3,Flow/DP proof,BI,DI dry contact,-,☐,☐,☐,☐,,
LCP-HSH,DDC-HSH-03,"CP-3-1, CP-3-2, CP-6-1",CP-3-1.RUN,CP-3-1,Run status,BI,DI dry contact,-,☐,☐,☐,☐,,
LCP-HSH,DDC-HSH-03,"CP-3-1, CP-3-2, CP-6-1",CP-3-1.TRIP,CP-3-1,VFD/pump fault,BI,DI dry contact,-,☐,☐,☐,☐,,
LCP-HSH,DDC-HSH-03,"CP-3-1, CP-3-2, CP-6-1",CP-3-1.SS,CP-3-1,Start/Stop command,BO,DO relay,-,☐,☐,☐,☐,,
LCP-HSH,DDC-HSH-03,"CP-3-1, CP-3-2, CP-6-1",CP-3-1.SPD,CP-3-1,VFD speed command,AO,0-10V,%,☐,☐,☐,☐,,
LCP-HSH,DDC-HSH-03,"CP-3-1, CP-3-2, CP-6-1",CP-3-1.SPDFB,CP-3-1,VFD speed feedback,AI,4-20mA,%,☐,☐,☐,☐,,
LCP-HSH,DDC-HSH-03,"CP-3-1, CP-3-2, CP-6-1",CP-3-1.KW,CP-3-1,Power,AI,4-20mA,kW,☐,☐,☐,☐,,
LCP-HSH,DDC-HSH-03,"CP-3-1, CP-3-2, CP-6-1",CP-3-1.FLW,CP-3-1,Flow/DP proof,BI,DI dry contact,-,☐,☐,☐,☐,,
LCP-HSH,DDC-HSH-03,"CP-3-1, CP-3-2, CP-6-1",CP-3-2.RUN,CP-3-2,Run status,BI,DI dry contact,-,☐,☐,☐,☐,,
LCP-HSH,DDC-HSH-03,"CP-3-1, CP-3-2, CP-6-1",CP-3-2.TRIP,CP-3-2,VFD/pump fault,BI,DI dry contact,-,☐,☐,☐,☐,,
LCP-HSH,DDC-HSH-03,"CP-3-1, CP-3-2, CP-6-1",CP-3-2.SS,CP-3-2,Start/Stop command,BO,DO relay,-,☐,☐,☐,☐,,
LCP-HSH,DDC-HSH-03,"CP-3-1, CP-3-2, CP-6-1",CP-3-2.SPD,CP-3-2,VFD speed command,AO,0-10V,%,☐,☐,☐,☐,,
LCP-HSH,DDC-HSH-03,"CP-3-1, CP-3-2, CP-6-1",CP-3-2.SPDFB,CP-3-2,VFD speed feedback,AI,4-20mA,%,☐,☐,☐,☐,,
LCP-HSH,DDC-HSH-03,"CP-3-1, CP-3-2, CP-6-1",CP-3-2.KW,CP-3-2,Power,AI,4-20mA,kW,☐,☐,☐,☐,,
LCP-HSH,DDC-HSH-03,"CP-3-1, CP-3-2, CP-6-1",CP-3-2.FLW,CP-3-2,Flow/DP proof,BI,DI dry contact,-,☐,☐,☐,☐,,
LCP-HSH,DDC-HSH-03,"CP-3-1, CP-3-2, CP-6-1",CP-6-1.RUN,CP-6-1,Run status,BI,DI dry contact,-,☐,☐,☐,☐,,
LCP-HSH,DDC-HSH-03,"CP-3-1, CP-3-2, CP-6-1",CP-6-1.TRIP,CP-6-1,VFD/pump fault,BI,DI dry contact,-,☐,☐,☐,☐,,
LCP-HSH,DDC-HSH-03,"CP-3-1, CP-3-2, CP-6-1",CP-6-1.SS,CP-6-1,Start/Stop command,BO,DO relay,-,☐,☐,☐,☐,,
LCP-HSH,DDC-HSH-03,"CP-3-1, CP-3-2, CP-6-1",CP-6-1.SPD,CP-6-1,VFD speed command,AO,0-10V,%,☐,☐,☐,☐,,
LCP-HSH,DDC-HSH-03,"CP-3-1, CP-3-2, CP-6-1",CP-6-1.SPDFB,CP-6-1,VFD speed feedback,AI,4-20mA,%,☐,☐,☐,☐,,
LCP-HSH,DDC-HSH-03,"CP-3-1, CP-3-2, CP-6-1",CP-6-1.KW,CP-6-1,Power,AI,4-20mA,kW,☐,☐,☐,☐,,
LCP-HSH,DDC-HSH-03,"CP-3-1, CP-3-2, CP-6-1",CP-6-1.FLW,CP-6-1,Flow/DP proof,BI,DI dry contact,-,☐,☐,☐,☐,,
LCP-HSH,DDC-HSH-04,CP-6-2,CP-6-2.RUN,CP-6-2,Run status,BI,DI dry contact,-,☐,☐,☐,☐,,
LCP-HSH,DDC-HSH-04,CP-6-2,CP-6-2.TRIP,CP-6-2,VFD/pump fault,BI,DI dry contact,-,☐,☐,☐,☐,,
LCP-HSH,DDC-HSH-04,CP-6-2,CP-6-2.SS,CP-6-2,Start/Stop command,BO,DO relay,-,☐,☐,☐,☐,,
LCP-HSH,DDC-HSH-04,CP-6-2,CP-6-2.SPD,CP-6-2,VFD speed command,AO,0-10V,%,☐,☐,☐,☐,,
LCP-HSH,DDC-HSH-04,CP-6-2,CP-6-2.SPDFB,CP-6-2,VFD speed feedback,AI,4-20mA,%,☐,☐,☐,☐,,
LCP-HSH,DDC-HSH-04,CP-6-2,CP-6-2.KW,CP-6-2,Power,AI,4-20mA,kW,☐,☐,☐,☐,,
LCP-HSH,DDC-HSH-04,CP-6-2,CP-6-2.FLW,CP-6-2,Flow/DP proof,BI,DI dry contact,-,☐,☐,☐,☐,,
LCP-HSH,DDC-HSH-05,"HP-2-1, HP-2-2, HP-2-3",HP-2-1.RUN,HP-2-1,Run status,BI,DI dry contact,-,☐,☐,☐,☐,,
LCP-HSH,DDC-HSH-05,"HP-2-1, HP-2-2, HP-2-3",HP-2-1.TRIP,HP-2-1,VFD/pump fault,BI,DI dry contact,-,☐,☐,☐,☐,,
LCP-HSH,DDC-HSH-05,"HP-2-1, HP-2-2, HP-2-3",HP-2-1.SS,HP-2-1,Start/Stop command,BO,DO relay,-,☐,☐,☐,☐,,
LCP-HSH,DDC-HSH-05,"HP-2-1, HP-2-2, HP-2-3",HP-2-1.SPD,HP-2-1,VFD speed command,AO,0-10V,%,☐,☐,☐,☐,,
LCP-HSH,DDC-HSH-05,"HP-2-1, HP-2-2, HP-2-3",HP-2-1.SPDFB,HP-2-1,VFD speed feedback,AI,4-20mA,%,☐,☐,☐,☐,,
LCP-HSH,DDC-HSH-05,"HP-2-1, HP-2-2, HP-2-3",HP-2-1.KW,HP-2-1,Power,AI,4-20mA,kW,☐,☐,☐,☐,,
LCP-HSH,DDC-HSH-05,"HP-2-1, HP-2-2, HP-2-3",HP-2-1.FLW,HP-2-1,Flow/DP proof,BI,DI dry contact,-,☐,☐,☐,☐,,
LCP-HSH,DDC-HSH-05,"HP-2-1, HP-2-2, HP-2-3",HP-2-2.RUN,HP-2-2,Run status,BI,DI dry contact,-,☐,☐,☐,☐,,
LCP-HSH,DDC-HSH-05,"HP-2-1, HP-2-2, HP-2-3",HP-2-2.TRIP,HP-2-2,VFD/pump fault,BI,DI dry contact,-,☐,☐,☐,☐,,
LCP-HSH,DDC-HSH-05,"HP-2-1, HP-2-2, HP-2-3",HP-2-2.SS,HP-2-2,Start/Stop command,BO,DO relay,-,☐,☐,☐,☐,,
LCP-HSH,DDC-HSH-05,"HP-2-1, HP-2-2, HP-2-3",HP-2-2.SPD,HP-2-2,VFD speed command,AO,0-10V,%,☐,☐,☐,☐,,
LCP-HSH,DDC-HSH-05,"HP-2-1, HP-2-2, HP-2-3",HP-2-2.SPDFB,HP-2-2,VFD speed feedback,AI,4-20mA,%,☐,☐,☐,☐,,
LCP-HSH,DDC-HSH-05,"HP-2-1, HP-2-2, HP-2-3",HP-2-2.KW,HP-2-2,Power,AI,4-20mA,kW,☐,☐,☐,☐,,
LCP-HSH,DDC-HSH-05,"HP-2-1, HP-2-2, HP-2-3",HP-2-2.FLW,HP-2-2,Flow/DP proof,BI,DI dry contact,-,☐,☐,☐,☐,,
LCP-HSH,DDC-HSH-05,"HP-2-1, HP-2-2, HP-2-3",HP-2-3.RUN,HP-2-3,Run status,BI,DI dry contact,-,☐,☐,☐,☐,,
LCP-HSH,DDC-HSH-05,"HP-2-1, HP-2-2, HP-2-3",HP-2-3.TRIP,HP-2-3,VFD/pump fault,BI,DI dry contact,-,☐,☐,☐,☐,,
LCP-HSH,DDC-HSH-05,"HP-2-1, HP-2-2, HP-2-3",HP-2-3.SS,HP-2-3,Start/Stop command,BO,DO relay,-,☐,☐,☐,☐,,
LCP-HSH,DDC-HSH-05,"HP-2-1, HP-2-2, HP-2-3",HP-2-3.SPD,HP-2-3,VFD speed command,AO,0-10V,%,☐,☐,☐,☐,,
LCP-HSH,DDC-HSH-05,"HP-2-1, HP-2-2, HP-2-3",HP-2-3.SPDFB,HP-2-3,VFD speed feedback,AI,4-20mA,%,☐,☐,☐,☐,,
LCP-HSH,DDC-HSH-05,"HP-2-1, HP-2-2, HP-2-3",HP-2-3.KW,HP-2-3,Power,AI,4-20mA,kW,☐,☐,☐,☐,,
LCP-HSH,DDC-HSH-05,"HP-2-1, HP-2-2, HP-2-3",HP-2-3.FLW,HP-2-3,Flow/DP proof,BI,DI dry contact,-,☐,☐,☐,☐,,
LCP-HSH,DDC-HSH-06,EXT-2,EXT-2.LVL,EXT-2,Tank level,AI,4-20mA,%,☐,☐,☐,☐,,
LCP-HSH,DDC-HSH-06,EXT-2,EXT-2.HI,EXT-2,High-level alarm,BI,DI dry contact,-,☐,☐,☐,☐,,
LCP-HSH,DDC-HSH-06,EXT-2,EXT-2.LO,EXT-2,Low-level alarm,BI,DI dry contact,-,☐,☐,☐,☐,,
LCP-HSH,DDC-HSH-07,ST-2,ST-2.T,ST-2,Outdoor dry-bulb temp,AI,4-20mA,°C,☐,☐,☐,☐,,
LCP-HSH,DDC-HSH-07,ST-2,ST-2.RH,ST-2,Outdoor humidity,AI,4-20mA,%RH,☐,☐,☐,☐,,
LCP-HSH,DDC-HSH-07,ST-2,ST-2.WB,ST-2,Wet-bulb temp (計測/演算),AI,4-20mA,°C,☐,☐,☐,☐,,
LCP-HSH,DDC-HSH-08,"EVU-11, EVU-12, EVU-13",EVU-11.RUN,EVU-11,Supply fan run status,BI,DI dry contact,-,☐,☐,☐,☐,,
LCP-HSH,DDC-HSH-08,"EVU-11, EVU-12, EVU-13",EVU-11.TRIP,EVU-11,Supply fan fault,BI,DI dry contact,-,☐,☐,☐,☐,,
LCP-HSH,DDC-HSH-08,"EVU-11, EVU-12, EVU-13",EVU-11.SS,EVU-11,Supply fan start/stop,BO,DO relay,-,☐,☐,☐,☐,,
LCP-HSH,DDC-HSH-08,"EVU-11, EVU-12, EVU-13",EVU-11.SPD,EVU-11,Supply fan VFD (INV) speed,AO,0-10V,%,☐,☐,☐,☐,,
LCP-HSH,DDC-HSH-08,"EVU-11, EVU-12, EVU-13",EVU-11.SPDFB,EVU-11,Supply fan speed feedback,AI,4-20mA,%,☐,☐,☐,☐,,
LCP-HSH,DDC-HSH-08,"EVU-11, EVU-12, EVU-13",EVU-11.SAT,EVU-11,Supply (off-coil) air temp,AI,4-20mA,°C,☐,☐,☐,☐,,
LCP-HSH,DDC-HSH-08,"EVU-11, EVU-12, EVU-13",EVU-11.OAT,EVU-11,Outdoor-air temp (unit inlet),AI,4-20mA,°C,☐,☐,☐,☐,,
LCP-HSH,DDC-HSH-08,"EVU-11, EVU-12, EVU-13",EVU-11.OARH,EVU-11,Outdoor-air humidity,AI,4-20mA,%RH,☐,☐,☐,☐,,
LCP-HSH,DDC-HSH-08,"EVU-11, EVU-12, EVU-13",EVU-11.CCV,EVU-11,Cooling coil (CHW) valve,AO,0-10V,%,☐,☐,☐,☐,,
LCP-HSH,DDC-HSH-08,"EVU-11, EVU-12, EVU-13",EVU-11.HCV,EVU-11,Heating coil (steam) valve,AO,0-10V,%,☐,☐,☐,☐,,
LCP-HSH,DDC-HSH-08,"EVU-11, EVU-12, EVU-13",EVU-11.HUM,EVU-11,Steam humidifier valve,AO,0-10V,%,☐,☐,☐,☐,,
LCP-HSH,DDC-HSH-08,"EVU-11, EVU-12, EVU-13",EVU-11.FLT,EVU-11,Filter dirty (DP),BI,DI dry contact,-,☐,☐,☐,☐,,
LCP-HSH,DDC-HSH-08,"EVU-11, EVU-12, EVU-13",EVU-11.FRZ,EVU-11,Freeze protection stat,BI,DI dry contact,-,☐,☐,☐,☐,,
LCP-HSH,DDC-HSH-08,"EVU-11, EVU-12, EVU-13",EVU-12.RUN,EVU-12,Supply fan run status,BI,DI dry contact,-,☐,☐,☐,☐,,
LCP-HSH,DDC-HSH-08,"EVU-11, EVU-12, EVU-13",EVU-12.TRIP,EVU-12,Supply fan fault,BI,DI dry contact,-,☐,☐,☐,☐,,
LCP-HSH,DDC-HSH-08,"EVU-11, EVU-12, EVU-13",EVU-12.SS,EVU-12,Supply fan start/stop,BO,DO relay,-,☐,☐,☐,☐,,
LCP-HSH,DDC-HSH-08,"EVU-11, EVU-12, EVU-13",EVU-12.SPD,EVU-12,Supply fan VFD (INV) speed,AO,0-10V,%,☐,☐,☐,☐,,
LCP-HSH,DDC-HSH-08,"EVU-11, EVU-12, EVU-13",EVU-12.SPDFB,EVU-12,Supply fan speed feedback,AI,4-20mA,%,☐,☐,☐,☐,,
LCP-HSH,DDC-HSH-08,"EVU-11, EVU-12, EVU-13",EVU-12.SAT,EVU-12,Supply (off-coil) air temp,AI,4-20mA,°C,☐,☐,☐,☐,,
LCP-HSH,DDC-HSH-08,"EVU-11, EVU-12, EVU-13",EVU-12.OAT,EVU-12,Outdoor-air temp (unit inlet),AI,4-20mA,°C,☐,☐,☐,☐,,
LCP-HSH,DDC-HSH-08,"EVU-11, EVU-12, EVU-13",EVU-12.OARH,EVU-12,Outdoor-air humidity,AI,4-20mA,%RH,☐,☐,☐,☐,,
LCP-HSH,DDC-HSH-08,"EVU-11, EVU-12, EVU-13",EVU-12.CCV,EVU-12,Cooling coil (CHW) valve,AO,0-10V,%,☐,☐,☐,☐,,
LCP-HSH,DDC-HSH-08,"EVU-11, EVU-12, EVU-13",EVU-12.HCV,EVU-12,Heating coil (steam) valve,AO,0-10V,%,☐,☐,☐,☐,,
LCP-HSH,DDC-HSH-08,"EVU-11, EVU-12, EVU-13",EVU-12.HUM,EVU-12,Steam humidifier valve,AO,0-10V,%,☐,☐,☐,☐,,
LCP-HSH,DDC-HSH-08,"EVU-11, EVU-12, EVU-13",EVU-12.FLT,EVU-12,Filter dirty (DP),BI,DI dry contact,-,☐,☐,☐,☐,,
LCP-HSH,DDC-HSH-08,"EVU-11, EVU-12, EVU-13",EVU-12.FRZ,EVU-12,Freeze protection stat,BI,DI dry contact,-,☐,☐,☐,☐,,
LCP-HSH,DDC-HSH-08,"EVU-11, EVU-12, EVU-13",EVU-13.RUN,EVU-13,Supply fan run status,BI,DI dry contact,-,☐,☐,☐,☐,,
LCP-HSH,DDC-HSH-08,"EVU-11, EVU-12, EVU-13",EVU-13.TRIP,EVU-13,Supply fan fault,BI,DI dry contact,-,☐,☐,☐,☐,,
LCP-HSH,DDC-HSH-08,"EVU-11, EVU-12, EVU-13",EVU-13.SS,EVU-13,Supply fan start/stop,BO,DO relay,-,☐,☐,☐,☐,,
LCP-HSH,DDC-HSH-08,"EVU-11, EVU-12, EVU-13",EVU-13.SPD,EVU-13,Supply fan VFD (INV) speed,AO,0-10V,%,☐,☐,☐,☐,,
LCP-HSH,DDC-HSH-08,"EVU-11, EVU-12, EVU-13",EVU-13.SPDFB,EVU-13,Supply fan speed feedback,AI,4-20mA,%,☐,☐,☐,☐,,
LCP-HSH,DDC-HSH-08,"EVU-11, EVU-12, EVU-13",EVU-13.SAT,EVU-13,Supply (off-coil) air temp,AI,4-20mA,°C,☐,☐,☐,☐,,
LCP-HSH,DDC-HSH-08,"EVU-11, EVU-12, EVU-13",EVU-13.OAT,EVU-13,Outdoor-air temp (unit inlet),AI,4-20mA,°C,☐,☐,☐,☐,,
LCP-HSH,DDC-HSH-08,"EVU-11, EVU-12, EVU-13",EVU-13.OARH,EVU-13,Outdoor-air humidity,AI,4-20mA,%RH,☐,☐,☐,☐,,
LCP-HSH,DDC-HSH-08,"EVU-11, EVU-12, EVU-13",EVU-13.CCV,EVU-13,Cooling coil (CHW) valve,AO,0-10V,%,☐,☐,☐,☐,,
LCP-HSH,DDC-HSH-08,"EVU-11, EVU-12, EVU-13",EVU-13.HCV,EVU-13,Heating coil (steam) valve,AO,0-10V,%,☐,☐,☐,☐,,
LCP-HSH,DDC-HSH-08,"EVU-11, EVU-12, EVU-13",EVU-13.HUM,EVU-13,Steam humidifier valve,AO,0-10V,%,☐,☐,☐,☐,,
LCP-HSH,DDC-HSH-08,"EVU-11, EVU-12, EVU-13",EVU-13.FLT,EVU-13,Filter dirty (DP),BI,DI dry contact,-,☐,☐,☐,☐,,
LCP-HSH,DDC-HSH-08,"EVU-11, EVU-12, EVU-13",EVU-13.FRZ,EVU-13,Freeze protection stat,BI,DI dry contact,-,☐,☐,☐,☐,,
LCP-HSH,DDC-HSH-09,"EVU-14, EVU-15",EVU-14.RUN,EVU-14,Supply fan run status,BI,DI dry contact,-,☐,☐,☐,☐,,
LCP-HSH,DDC-HSH-09,"EVU-14, EVU-15",EVU-14.TRIP,EVU-14,Supply fan fault,BI,DI dry contact,-,☐,☐,☐,☐,,
LCP-HSH,DDC-HSH-09,"EVU-14, EVU-15",EVU-14.SS,EVU-14,Supply fan start/stop,BO,DO relay,-,☐,☐,☐,☐,,
LCP-HSH,DDC-HSH-09,"EVU-14, EVU-15",EVU-14.SPD,EVU-14,Supply fan speed (fixed),AO,0-10V,%,☐,☐,☐,☐,,
LCP-HSH,DDC-HSH-09,"EVU-14, EVU-15",EVU-14.SAT,EVU-14,Supply (off-coil) air temp,AI,4-20mA,°C,☐,☐,☐,☐,,
LCP-HSH,DDC-HSH-09,"EVU-14, EVU-15",EVU-14.OAT,EVU-14,Outdoor-air temp (unit inlet),AI,4-20mA,°C,☐,☐,☐,☐,,
LCP-HSH,DDC-HSH-09,"EVU-14, EVU-15",EVU-14.OARH,EVU-14,Outdoor-air humidity,AI,4-20mA,%RH,☐,☐,☐,☐,,
LCP-HSH,DDC-HSH-09,"EVU-14, EVU-15",EVU-14.CCV,EVU-14,Cooling coil (CHW) valve,AO,0-10V,%,☐,☐,☐,☐,,
LCP-HSH,DDC-HSH-09,"EVU-14, EVU-15",EVU-14.HCV,EVU-14,Heating coil (steam) valve,AO,0-10V,%,☐,☐,☐,☐,,
LCP-HSH,DDC-HSH-09,"EVU-14, EVU-15",EVU-14.HUM,EVU-14,Steam humidifier valve,AO,0-10V,%,☐,☐,☐,☐,,
LCP-HSH,DDC-HSH-09,"EVU-14, EVU-15",EVU-14.FLT,EVU-14,Filter dirty (DP),BI,DI dry contact,-,☐,☐,☐,☐,,
LCP-HSH,DDC-HSH-09,"EVU-14, EVU-15",EVU-14.FRZ,EVU-14,Freeze protection stat,BI,DI dry contact,-,☐,☐,☐,☐,,
LCP-HSH,DDC-HSH-09,"EVU-14, EVU-15",EVU-15.RUN,EVU-15,Supply fan run status,BI,DI dry contact,-,☐,☐,☐,☐,,
LCP-HSH,DDC-HSH-09,"EVU-14, EVU-15",EVU-15.TRIP,EVU-15,Supply fan fault,BI,DI dry contact,-,☐,☐,☐,☐,,
LCP-HSH,DDC-HSH-09,"EVU-14, EVU-15",EVU-15.SS,EVU-15,Supply fan start/stop,BO,DO relay,-,☐,☐,☐,☐,,
LCP-HSH,DDC-HSH-09,"EVU-14, EVU-15",EVU-15.SPD,EVU-15,Supply fan speed (fixed),AO,0-10V,%,☐,☐,☐,☐,,
LCP-HSH,DDC-HSH-09,"EVU-14, EVU-15",EVU-15.SAT,EVU-15,Supply (off-coil) air temp,AI,4-20mA,°C,☐,☐,☐,☐,,
LCP-HSH,DDC-HSH-09,"EVU-14, EVU-15",EVU-15.OAT,EVU-15,Outdoor-air temp (unit inlet),AI,4-20mA,°C,☐,☐,☐,☐,,
LCP-HSH,DDC-HSH-09,"EVU-14, EVU-15",EVU-15.OARH,EVU-15,Outdoor-air humidity,AI,4-20mA,%RH,☐,☐,☐,☐,,
LCP-HSH,DDC-HSH-09,"EVU-14, EVU-15",EVU-15.CCV,EVU-15,Cooling coil (CHW) valve,AO,0-10V,%,☐,☐,☐,☐,,
LCP-HSH,DDC-HSH-09,"EVU-14, EVU-15",EVU-15.HCV,EVU-15,Heating coil (steam) valve,AO,0-10V,%,☐,☐,☐,☐,,
LCP-HSH,DDC-HSH-09,"EVU-14, EVU-15",EVU-15.HUM,EVU-15,Steam humidifier valve,AO,0-10V,%,☐,☐,☐,☐,,
LCP-HSH,DDC-HSH-09,"EVU-14, EVU-15",EVU-15.FLT,EVU-15,Filter dirty (DP),BI,DI dry contact,-,☐,☐,☐,☐,,
LCP-HSH,DDC-HSH-09,"EVU-14, EVU-15",EVU-15.FRZ,EVU-15,Freeze protection stat,BI,DI dry contact,-,☐,☐,☐,☐,,
LCP-HSH,DDC-HSH-10,"FCU-H-N, FCU-H-NE, FCU-H-SE",FCU-H-N.EN,FCU-H-N,Group enable / schedule,BO,DO relay,-,☐,☐,☐,☐,,
LCP-HSH,DDC-HSH-10,"FCU-H-N, FCU-H-NE, FCU-H-SE",FCU-H-N.MODE,FCU-H-N,Cooling/Heating changeover status,BI,DI dry contact,-,☐,☐,☐,☐,,
LCP-HSH,DDC-HSH-10,"FCU-H-N, FCU-H-NE, FCU-H-SE",FCU-H-N.CWV,FCU-H-N,Chilled-water group valve,AO,0-10V,%,☐,☐,☐,☐,,
LCP-HSH,DDC-HSH-10,"FCU-H-N, FCU-H-NE, FCU-H-SE",FCU-H-N.HWV,FCU-H-N,Hot-water group valve,AO,0-10V,%,☐,☐,☐,☐,,
LCP-HSH,DDC-HSH-10,"FCU-H-N, FCU-H-NE, FCU-H-SE",FCU-H-N.CWBV-F,FCU-H-N,Chilled-water BV batch fault,BI,DI dry contact,-,☐,☐,☐,☐,,
LCP-HSH,DDC-HSH-10,"FCU-H-N, FCU-H-NE, FCU-H-SE",FCU-H-N.HWBV-F,FCU-H-N,Hot-water BV batch fault,BI,DI dry contact,-,☐,☐,☐,☐,,
LCP-HSH,DDC-HSH-10,"FCU-H-N, FCU-H-NE, FCU-H-SE",FCU-H-N.RT,FCU-H-N,Zone reference/return temp,AI,4-20mA,°C,☐,☐,☐,☐,,
LCP-HSH,DDC-HSH-10,"FCU-H-N, FCU-H-NE, FCU-H-SE",FCU-H-NE.EN,FCU-H-NE,Group enable / schedule,BO,DO relay,-,☐,☐,☐,☐,,
LCP-HSH,DDC-HSH-10,"FCU-H-N, FCU-H-NE, FCU-H-SE",FCU-H-NE.MODE,FCU-H-NE,Cooling/Heating changeover status,BI,DI dry contact,-,☐,☐,☐,☐,,
LCP-HSH,DDC-HSH-10,"FCU-H-N, FCU-H-NE, FCU-H-SE",FCU-H-NE.CWV,FCU-H-NE,Chilled-water group valve,AO,0-10V,%,☐,☐,☐,☐,,
LCP-HSH,DDC-HSH-10,"FCU-H-N, FCU-H-NE, FCU-H-SE",FCU-H-NE.HWV,FCU-H-NE,Hot-water group valve,AO,0-10V,%,☐,☐,☐,☐,,
LCP-HSH,DDC-HSH-10,"FCU-H-N, FCU-H-NE, FCU-H-SE",FCU-H-NE.CWBV-F,FCU-H-NE,Chilled-water BV batch fault,BI,DI dry contact,-,☐,☐,☐,☐,,
LCP-HSH,DDC-HSH-10,"FCU-H-N, FCU-H-NE, FCU-H-SE",FCU-H-NE.HWBV-F,FCU-H-NE,Hot-water BV batch fault,BI,DI dry contact,-,☐,☐,☐,☐,,
LCP-HSH,DDC-HSH-10,"FCU-H-N, FCU-H-NE, FCU-H-SE",FCU-H-NE.RT,FCU-H-NE,Zone reference/return temp,AI,4-20mA,°C,☐,☐,☐,☐,,
LCP-HSH,DDC-HSH-10,"FCU-H-N, FCU-H-NE, FCU-H-SE",FCU-H-SE.EN,FCU-H-SE,Group enable / schedule,BO,DO relay,-,☐,☐,☐,☐,,
LCP-HSH,DDC-HSH-10,"FCU-H-N, FCU-H-NE, FCU-H-SE",FCU-H-SE.MODE,FCU-H-SE,Cooling/Heating changeover status,BI,DI dry contact,-,☐,☐,☐,☐,,
LCP-HSH,DDC-HSH-10,"FCU-H-N, FCU-H-NE, FCU-H-SE",FCU-H-SE.CWV,FCU-H-SE,Chilled-water group valve,AO,0-10V,%,☐,☐,☐,☐,,
LCP-HSH,DDC-HSH-10,"FCU-H-N, FCU-H-NE, FCU-H-SE",FCU-H-SE.HWV,FCU-H-SE,Hot-water group valve,AO,0-10V,%,☐,☐,☐,☐,,
LCP-HSH,DDC-HSH-10,"FCU-H-N, FCU-H-NE, FCU-H-SE",FCU-H-SE.CWBV-F,FCU-H-SE,Chilled-water BV batch fault,BI,DI dry contact,-,☐,☐,☐,☐,,
LCP-HSH,DDC-HSH-10,"FCU-H-N, FCU-H-NE, FCU-H-SE",FCU-H-SE.HWBV-F,FCU-H-SE,Hot-water BV batch fault,BI,DI dry contact,-,☐,☐,☐,☐,,
LCP-HSH,DDC-HSH-10,"FCU-H-N, FCU-H-NE, FCU-H-SE",FCU-H-SE.RT,FCU-H-SE,Zone reference/return temp,AI,4-20mA,°C,☐,☐,☐,☐,,
LCP-HSH,DDC-HSH-11,"FCU-H-S, FCU-H-SW",FCU-H-S.EN,FCU-H-S,Group enable / schedule,BO,DO relay,-,☐,☐,☐,☐,,
LCP-HSH,DDC-HSH-11,"FCU-H-S, FCU-H-SW",FCU-H-S.MODE,FCU-H-S,Cooling/Heating changeover status,BI,DI dry contact,-,☐,☐,☐,☐,,
LCP-HSH,DDC-HSH-11,"FCU-H-S, FCU-H-SW",FCU-H-S.CWV,FCU-H-S,Chilled-water group valve,AO,0-10V,%,☐,☐,☐,☐,,
LCP-HSH,DDC-HSH-11,"FCU-H-S, FCU-H-SW",FCU-H-S.HWV,FCU-H-S,Hot-water group valve,AO,0-10V,%,☐,☐,☐,☐,,
LCP-HSH,DDC-HSH-11,"FCU-H-S, FCU-H-SW",FCU-H-S.CWBV-F,FCU-H-S,Chilled-water BV batch fault,BI,DI dry contact,-,☐,☐,☐,☐,,
LCP-HSH,DDC-HSH-11,"FCU-H-S, FCU-H-SW",FCU-H-S.HWBV-F,FCU-H-S,Hot-water BV batch fault,BI,DI dry contact,-,☐,☐,☐,☐,,
LCP-HSH,DDC-HSH-11,"FCU-H-S, FCU-H-SW",FCU-H-S.RT,FCU-H-S,Zone reference/return temp,AI,4-20mA,°C,☐,☐,☐,☐,,
LCP-HSH,DDC-HSH-11,"FCU-H-S, FCU-H-SW",FCU-H-SW.EN,FCU-H-SW,Group enable / schedule,BO,DO relay,-,☐,☐,☐,☐,,
LCP-HSH,DDC-HSH-11,"FCU-H-S, FCU-H-SW",FCU-H-SW.MODE,FCU-H-SW,Cooling/Heating changeover status,BI,DI dry contact,-,☐,☐,☐,☐,,
LCP-HSH,DDC-HSH-11,"FCU-H-S, FCU-H-SW",FCU-H-SW.CWV,FCU-H-SW,Chilled-water group valve,AO,0-10V,%,☐,☐,☐,☐,,
LCP-HSH,DDC-HSH-11,"FCU-H-S, FCU-H-SW",FCU-H-SW.HWV,FCU-H-SW,Hot-water group valve,AO,0-10V,%,☐,☐,☐,☐,,
LCP-HSH,DDC-HSH-11,"FCU-H-S, FCU-H-SW",FCU-H-SW.CWBV-F,FCU-H-SW,Chilled-water BV batch fault,BI,DI dry contact,-,☐,☐,☐,☐,,
LCP-HSH,DDC-HSH-11,"FCU-H-S, FCU-H-SW",FCU-H-SW.HWBV-F,FCU-H-SW,Hot-water BV batch fault,BI,DI dry contact,-,☐,☐,☐,☐,,
LCP-HSH,DDC-HSH-11,"FCU-H-S, FCU-H-SW",FCU-H-SW.RT,FCU-H-SW,Zone reference/return temp,AI,4-20mA,°C,☐,☐,☐,☐,,
LCP-3637,DDC-3637-01,R-1,R-1.RUN,R-1,Run status,BI,DI dry contact,-,☐,☐,☐,☐,,
LCP-3637,DDC-3637-01,R-1,R-1.TRIP,R-1,Common fault / trip,BI,DI dry contact,-,☐,☐,☐,☐,,
LCP-3637,DDC-3637-01,R-1,R-1.LR,R-1,Local/Remote status,BI,DI dry contact,-,☐,☐,☐,☐,,
LCP-3637,DDC-3637-01,R-1,R-1.SS,R-1,Start/Stop command,BO,DO relay,-,☐,☐,☐,☐,,
LCP-3637,DDC-3637-01,R-1,R-1.DMD,R-1,Capacity/demand limit,AO,0-10V,%,☐,☐,☐,☐,,
LCP-3637,DDC-3637-01,R-1,R-1.CHWST,R-1,CHW supply (leaving) temp,AI,4-20mA,°C,☐,☐,☐,☐,,
LCP-3637,DDC-3637-01,R-1,R-1.CHWRT,R-1,CHW return (entering) temp,AI,4-20mA,°C,☐,☐,☐,☐,,
LCP-3637,DDC-3637-01,R-1,R-1.CWRT,R-1,Condenser water leaving temp,AI,4-20mA,°C,☐,☐,☐,☐,,
LCP-3637,DDC-3637-01,R-1,R-1.KW,R-1,Electrical input power,AI,4-20mA,kW,☐,☐,☐,☐,,
LCP-3637,DDC-3637-01,R-1,R-1.FLW,R-1,Evaporator flow proof,BI,DI dry contact,-,☐,☐,☐,☐,,
LCP-3637,DDC-3637-02,HEX-1,HEX-1.P-IN,HEX-1,Primary (DHC) inlet temp,AI,4-20mA,°C,☐,☐,☐,☐,,
LCP-3637,DDC-3637-02,HEX-1,HEX-1.P-OUT,HEX-1,Primary (DHC) outlet temp,AI,4-20mA,°C,☐,☐,☐,☐,,
LCP-3637,DDC-3637-02,HEX-1,HEX-1.S-OUT,HEX-1,Secondary (loop) supply temp,AI,4-20mA,°C,☐,☐,☐,☐,,
LCP-3637,DDC-3637-02,HEX-1,HEX-1.S-FLW,HEX-1,Secondary supply flow,AI,4-20mA,m³/h,☐,☐,☐,☐,,
LCP-3637,DDC-3637-02,HEX-1,HEX-1.GJ,HEX-1,DHC thermal-energy meter,AI,Pulse/Modbus,MJ,☐,☐,☐,☐,,
LCP-3637,DDC-3637-02,HEX-1,HEX-1.PV,HEX-1,Primary control valve,AO,0-10V,%,☐,☐,☐,☐,,
LCP-3637,DDC-3637-02,HEX-1,HEX-1.PVFB,HEX-1,Primary valve position fb,AI,4-20mA,%,☐,☐,☐,☐,,
LCP-3637,DDC-3637-03,"CP-7-1, CP-7-2, CP-8-1",CP-7-1.RUN,CP-7-1,Run status,BI,DI dry contact,-,☐,☐,☐,☐,,
LCP-3637,DDC-3637-03,"CP-7-1, CP-7-2, CP-8-1",CP-7-1.TRIP,CP-7-1,VFD/pump fault,BI,DI dry contact,-,☐,☐,☐,☐,,
LCP-3637,DDC-3637-03,"CP-7-1, CP-7-2, CP-8-1",CP-7-1.SS,CP-7-1,Start/Stop command,BO,DO relay,-,☐,☐,☐,☐,,
LCP-3637,DDC-3637-03,"CP-7-1, CP-7-2, CP-8-1",CP-7-1.SPD,CP-7-1,VFD speed command,AO,0-10V,%,☐,☐,☐,☐,,
LCP-3637,DDC-3637-03,"CP-7-1, CP-7-2, CP-8-1",CP-7-1.SPDFB,CP-7-1,VFD speed feedback,AI,4-20mA,%,☐,☐,☐,☐,,
LCP-3637,DDC-3637-03,"CP-7-1, CP-7-2, CP-8-1",CP-7-1.KW,CP-7-1,Power,AI,4-20mA,kW,☐,☐,☐,☐,,
LCP-3637,DDC-3637-03,"CP-7-1, CP-7-2, CP-8-1",CP-7-1.FLW,CP-7-1,Flow/DP proof,BI,DI dry contact,-,☐,☐,☐,☐,,
LCP-3637,DDC-3637-03,"CP-7-1, CP-7-2, CP-8-1",CP-7-2.RUN,CP-7-2,Run status,BI,DI dry contact,-,☐,☐,☐,☐,,
LCP-3637,DDC-3637-03,"CP-7-1, CP-7-2, CP-8-1",CP-7-2.TRIP,CP-7-2,VFD/pump fault,BI,DI dry contact,-,☐,☐,☐,☐,,
LCP-3637,DDC-3637-03,"CP-7-1, CP-7-2, CP-8-1",CP-7-2.SS,CP-7-2,Start/Stop command,BO,DO relay,-,☐,☐,☐,☐,,
LCP-3637,DDC-3637-03,"CP-7-1, CP-7-2, CP-8-1",CP-7-2.SPD,CP-7-2,VFD speed command,AO,0-10V,%,☐,☐,☐,☐,,
LCP-3637,DDC-3637-03,"CP-7-1, CP-7-2, CP-8-1",CP-7-2.SPDFB,CP-7-2,VFD speed feedback,AI,4-20mA,%,☐,☐,☐,☐,,
LCP-3637,DDC-3637-03,"CP-7-1, CP-7-2, CP-8-1",CP-7-2.KW,CP-7-2,Power,AI,4-20mA,kW,☐,☐,☐,☐,,
LCP-3637,DDC-3637-03,"CP-7-1, CP-7-2, CP-8-1",CP-7-2.FLW,CP-7-2,Flow/DP proof,BI,DI dry contact,-,☐,☐,☐,☐,,
LCP-3637,DDC-3637-03,"CP-7-1, CP-7-2, CP-8-1",CP-8-1.RUN,CP-8-1,Run status,BI,DI dry contact,-,☐,☐,☐,☐,,
LCP-3637,DDC-3637-03,"CP-7-1, CP-7-2, CP-8-1",CP-8-1.TRIP,CP-8-1,VFD/pump fault,BI,DI dry contact,-,☐,☐,☐,☐,,
LCP-3637,DDC-3637-03,"CP-7-1, CP-7-2, CP-8-1",CP-8-1.SS,CP-8-1,Start/Stop command,BO,DO relay,-,☐,☐,☐,☐,,
LCP-3637,DDC-3637-03,"CP-7-1, CP-7-2, CP-8-1",CP-8-1.SPD,CP-8-1,VFD speed command,AO,0-10V,%,☐,☐,☐,☐,,
LCP-3637,DDC-3637-03,"CP-7-1, CP-7-2, CP-8-1",CP-8-1.SPDFB,CP-8-1,VFD speed feedback,AI,4-20mA,%,☐,☐,☐,☐,,
LCP-3637,DDC-3637-03,"CP-7-1, CP-7-2, CP-8-1",CP-8-1.KW,CP-8-1,Power,AI,4-20mA,kW,☐,☐,☐,☐,,
LCP-3637,DDC-3637-03,"CP-7-1, CP-7-2, CP-8-1",CP-8-1.FLW,CP-8-1,Flow/DP proof,BI,DI dry contact,-,☐,☐,☐,☐,,
LCP-3637,DDC-3637-04,"CP-8-2, CP-8-3",CP-8-2.RUN,CP-8-2,Run status,BI,DI dry contact,-,☐,☐,☐,☐,,
LCP-3637,DDC-3637-04,"CP-8-2, CP-8-3",CP-8-2.TRIP,CP-8-2,VFD/pump fault,BI,DI dry contact,-,☐,☐,☐,☐,,
LCP-3637,DDC-3637-04,"CP-8-2, CP-8-3",CP-8-2.SS,CP-8-2,Start/Stop command,BO,DO relay,-,☐,☐,☐,☐,,
LCP-3637,DDC-3637-04,"CP-8-2, CP-8-3",CP-8-2.SPD,CP-8-2,VFD speed command,AO,0-10V,%,☐,☐,☐,☐,,
LCP-3637,DDC-3637-04,"CP-8-2, CP-8-3",CP-8-2.SPDFB,CP-8-2,VFD speed feedback,AI,4-20mA,%,☐,☐,☐,☐,,
LCP-3637,DDC-3637-04,"CP-8-2, CP-8-3",CP-8-2.KW,CP-8-2,Power,AI,4-20mA,kW,☐,☐,☐,☐,,
LCP-3637,DDC-3637-04,"CP-8-2, CP-8-3",CP-8-2.FLW,CP-8-2,Flow/DP proof,BI,DI dry contact,-,☐,☐,☐,☐,,
LCP-3637,DDC-3637-04,"CP-8-2, CP-8-3",CP-8-3.RUN,CP-8-3,Run status,BI,DI dry contact,-,☐,☐,☐,☐,,
LCP-3637,DDC-3637-04,"CP-8-2, CP-8-3",CP-8-3.TRIP,CP-8-3,VFD/pump fault,BI,DI dry contact,-,☐,☐,☐,☐,,
LCP-3637,DDC-3637-04,"CP-8-2, CP-8-3",CP-8-3.SS,CP-8-3,Start/Stop command,BO,DO relay,-,☐,☐,☐,☐,,
LCP-3637,DDC-3637-04,"CP-8-2, CP-8-3",CP-8-3.SPD,CP-8-3,VFD speed command,AO,0-10V,%,☐,☐,☐,☐,,
LCP-3637,DDC-3637-04,"CP-8-2, CP-8-3",CP-8-3.SPDFB,CP-8-3,VFD speed feedback,AI,4-20mA,%,☐,☐,☐,☐,,
LCP-3637,DDC-3637-04,"CP-8-2, CP-8-3",CP-8-3.KW,CP-8-3,Power,AI,4-20mA,kW,☐,☐,☐,☐,,
LCP-3637,DDC-3637-04,"CP-8-2, CP-8-3",CP-8-3.FLW,CP-8-3,Flow/DP proof,BI,DI dry contact,-,☐,☐,☐,☐,,
LCP-3637,DDC-3637-05,"HP-4-1, HP-4-2",HP-4-1.RUN,HP-4-1,Run status,BI,DI dry contact,-,☐,☐,☐,☐,,
LCP-3637,DDC-3637-05,"HP-4-1, HP-4-2",HP-4-1.TRIP,HP-4-1,VFD/pump fault,BI,DI dry contact,-,☐,☐,☐,☐,,
LCP-3637,DDC-3637-05,"HP-4-1, HP-4-2",HP-4-1.SS,HP-4-1,Start/Stop command,BO,DO relay,-,☐,☐,☐,☐,,
LCP-3637,DDC-3637-05,"HP-4-1, HP-4-2",HP-4-1.SPD,HP-4-1,VFD speed command,AO,0-10V,%,☐,☐,☐,☐,,
LCP-3637,DDC-3637-05,"HP-4-1, HP-4-2",HP-4-1.SPDFB,HP-4-1,VFD speed feedback,AI,4-20mA,%,☐,☐,☐,☐,,
LCP-3637,DDC-3637-05,"HP-4-1, HP-4-2",HP-4-1.KW,HP-4-1,Power,AI,4-20mA,kW,☐,☐,☐,☐,,
LCP-3637,DDC-3637-05,"HP-4-1, HP-4-2",HP-4-1.FLW,HP-4-1,Flow/DP proof,BI,DI dry contact,-,☐,☐,☐,☐,,
LCP-3637,DDC-3637-05,"HP-4-1, HP-4-2",HP-4-2.RUN,HP-4-2,Run status,BI,DI dry contact,-,☐,☐,☐,☐,,
LCP-3637,DDC-3637-05,"HP-4-1, HP-4-2",HP-4-2.TRIP,HP-4-2,VFD/pump fault,BI,DI dry contact,-,☐,☐,☐,☐,,
LCP-3637,DDC-3637-05,"HP-4-1, HP-4-2",HP-4-2.SS,HP-4-2,Start/Stop command,BO,DO relay,-,☐,☐,☐,☐,,
LCP-3637,DDC-3637-05,"HP-4-1, HP-4-2",HP-4-2.SPD,HP-4-2,VFD speed command,AO,0-10V,%,☐,☐,☐,☐,,
LCP-3637,DDC-3637-05,"HP-4-1, HP-4-2",HP-4-2.SPDFB,HP-4-2,VFD speed feedback,AI,4-20mA,%,☐,☐,☐,☐,,
LCP-3637,DDC-3637-05,"HP-4-1, HP-4-2",HP-4-2.KW,HP-4-2,Power,AI,4-20mA,kW,☐,☐,☐,☐,,
LCP-3637,DDC-3637-05,"HP-4-1, HP-4-2",HP-4-2.FLW,HP-4-2,Flow/DP proof,BI,DI dry contact,-,☐,☐,☐,☐,,
LCP-3637,DDC-3637-06,"EX4, EXT-3",EX4.P-IN,EX4,Primary inlet temp (36/37F loop),AI,4-20mA,°C,☐,☐,☐,☐,,
LCP-3637,DDC-3637-06,"EX4, EXT-3",EX4.S-OUT,EX4,Secondary outlet (supply) temp,AI,4-20mA,°C,☐,☐,☐,☐,,
LCP-3637,DDC-3637-06,"EX4, EXT-3",EX4.PV,EX4,Primary control valve,AO,0-10V,%,☐,☐,☐,☐,,
LCP-3637,DDC-3637-06,"EX4, EXT-3",EX4.PVFB,EX4,Primary valve position fb,AI,4-20mA,%,☐,☐,☐,☐,,
LCP-3637,DDC-3637-06,"EX4, EXT-3",EXT-3.LVL,EXT-3,Tank level,AI,4-20mA,%,☐,☐,☐,☐,,
LCP-3637,DDC-3637-06,"EX4, EXT-3",EXT-3.HI,EXT-3,High-level alarm,BI,DI dry contact,-,☐,☐,☐,☐,,
LCP-3637,DDC-3637-06,"EX4, EXT-3",EXT-3.LO,EXT-3,Low-level alarm,BI,DI dry contact,-,☐,☐,☐,☐,,
LCP-3637,DDC-3637-07,"CHGV-1, CHGV-2",CHGV-1.CMD,CHGV-1,Open/close command,BO,DO relay,-,☐,☐,☐,☐,,
LCP-3637,DDC-3637-07,"CHGV-1, CHGV-2",CHGV-1.ST,CHGV-1,Position status,BI,DI dry contact,-,☐,☐,☐,☐,,
LCP-3637,DDC-3637-07,"CHGV-1, CHGV-2",CHGV-2.CMD,CHGV-2,Open/close command,BO,DO relay,-,☐,☐,☐,☐,,
LCP-3637,DDC-3637-07,"CHGV-1, CHGV-2",CHGV-2.ST,CHGV-2,Position status,BI,DI dry contact,-,☐,☐,☐,☐,,
LCP-3637,DDC-3637-08,"AC-22, AC-23, AC-24",AC-22.RUN,AC-22,Supply fan run status,BI,DI dry contact,-,☐,☐,☐,☐,,
LCP-3637,DDC-3637-08,"AC-22, AC-23, AC-24",AC-22.TRIP,AC-22,Supply fan fault,BI,DI dry contact,-,☐,☐,☐,☐,,
LCP-3637,DDC-3637-08,"AC-22, AC-23, AC-24",AC-22.SS,AC-22,Supply fan start/stop,BO,DO relay,-,☐,☐,☐,☐,,
LCP-3637,DDC-3637-08,"AC-22, AC-23, AC-24",AC-22.SPD,AC-22,Supply fan VFD (INV) speed,AO,0-10V,%,☐,☐,☐,☐,,
LCP-3637,DDC-3637-08,"AC-22, AC-23, AC-24",AC-22.SPDFB,AC-22,Supply fan speed feedback,AI,4-20mA,%,☐,☐,☐,☐,,
LCP-3637,DDC-3637-08,"AC-22, AC-23, AC-24",AC-22.SAT,AC-22,Supply air temp,AI,4-20mA,°C,☐,☐,☐,☐,,
LCP-3637,DDC-3637-08,"AC-22, AC-23, AC-24",AC-22.RAT,AC-22,Return air temp,AI,4-20mA,°C,☐,☐,☐,☐,,
LCP-3637,DDC-3637-08,"AC-22, AC-23, AC-24",AC-22.CCV,AC-22,Cooling coil (CHW) valve,AO,0-10V,%,☐,☐,☐,☐,,
LCP-3637,DDC-3637-08,"AC-22, AC-23, AC-24",AC-22.HCV,AC-22,Heating coil (steam) valve,AO,0-10V,%,☐,☐,☐,☐,,
LCP-3637,DDC-3637-08,"AC-22, AC-23, AC-24",AC-22.FLT,AC-22,Filter dirty (DP),BI,DI dry contact,-,☐,☐,☐,☐,,
LCP-3637,DDC-3637-08,"AC-22, AC-23, AC-24",AC-22.OAD,AC-22,Outdoor-air damper,AO,0-10V,%,☐,☐,☐,☐,,
LCP-3637,DDC-3637-08,"AC-22, AC-23, AC-24",AC-22.FRZ,AC-22,Freeze protection stat,BI,DI dry contact,-,☐,☐,☐,☐,,
LCP-3637,DDC-3637-08,"AC-22, AC-23, AC-24",AC-23.RUN,AC-23,Supply fan run status,BI,DI dry contact,-,☐,☐,☐,☐,,
LCP-3637,DDC-3637-08,"AC-22, AC-23, AC-24",AC-23.TRIP,AC-23,Supply fan fault,BI,DI dry contact,-,☐,☐,☐,☐,,
LCP-3637,DDC-3637-08,"AC-22, AC-23, AC-24",AC-23.SS,AC-23,Supply fan start/stop,BO,DO relay,-,☐,☐,☐,☐,,
LCP-3637,DDC-3637-08,"AC-22, AC-23, AC-24",AC-23.SPD,AC-23,Supply fan VFD (INV) speed,AO,0-10V,%,☐,☐,☐,☐,,
LCP-3637,DDC-3637-08,"AC-22, AC-23, AC-24",AC-23.SPDFB,AC-23,Supply fan speed feedback,AI,4-20mA,%,☐,☐,☐,☐,,
LCP-3637,DDC-3637-08,"AC-22, AC-23, AC-24",AC-23.SAT,AC-23,Supply air temp,AI,4-20mA,°C,☐,☐,☐,☐,,
LCP-3637,DDC-3637-08,"AC-22, AC-23, AC-24",AC-23.RAT,AC-23,Return air temp,AI,4-20mA,°C,☐,☐,☐,☐,,
LCP-3637,DDC-3637-08,"AC-22, AC-23, AC-24",AC-23.CCV,AC-23,Cooling coil (CHW) valve,AO,0-10V,%,☐,☐,☐,☐,,
LCP-3637,DDC-3637-08,"AC-22, AC-23, AC-24",AC-23.HCV,AC-23,Heating coil (steam) valve,AO,0-10V,%,☐,☐,☐,☐,,
LCP-3637,DDC-3637-08,"AC-22, AC-23, AC-24",AC-23.FLT,AC-23,Filter dirty (DP),BI,DI dry contact,-,☐,☐,☐,☐,,
LCP-3637,DDC-3637-08,"AC-22, AC-23, AC-24",AC-23.OAD,AC-23,Outdoor-air damper,AO,0-10V,%,☐,☐,☐,☐,,
LCP-3637,DDC-3637-08,"AC-22, AC-23, AC-24",AC-23.FRZ,AC-23,Freeze protection stat,BI,DI dry contact,-,☐,☐,☐,☐,,
LCP-3637,DDC-3637-08,"AC-22, AC-23, AC-24",AC-24.RUN,AC-24,Supply fan run status,BI,DI dry contact,-,☐,☐,☐,☐,,
LCP-3637,DDC-3637-08,"AC-22, AC-23, AC-24",AC-24.TRIP,AC-24,Supply fan fault,BI,DI dry contact,-,☐,☐,☐,☐,,
LCP-3637,DDC-3637-08,"AC-22, AC-23, AC-24",AC-24.SS,AC-24,Supply fan start/stop,BO,DO relay,-,☐,☐,☐,☐,,
LCP-3637,DDC-3637-08,"AC-22, AC-23, AC-24",AC-24.SPD,AC-24,Supply fan VFD (INV) speed,AO,0-10V,%,☐,☐,☐,☐,,
LCP-3637,DDC-3637-08,"AC-22, AC-23, AC-24",AC-24.SPDFB,AC-24,Supply fan speed feedback,AI,4-20mA,%,☐,☐,☐,☐,,
LCP-3637,DDC-3637-08,"AC-22, AC-23, AC-24",AC-24.SAT,AC-24,Supply air temp,AI,4-20mA,°C,☐,☐,☐,☐,,
LCP-3637,DDC-3637-08,"AC-22, AC-23, AC-24",AC-24.RAT,AC-24,Return air temp,AI,4-20mA,°C,☐,☐,☐,☐,,
LCP-3637,DDC-3637-08,"AC-22, AC-23, AC-24",AC-24.CCV,AC-24,Cooling coil (CHW) valve,AO,0-10V,%,☐,☐,☐,☐,,
LCP-3637,DDC-3637-08,"AC-22, AC-23, AC-24",AC-24.HCV,AC-24,Heating coil (steam) valve,AO,0-10V,%,☐,☐,☐,☐,,
LCP-3637,DDC-3637-08,"AC-22, AC-23, AC-24",AC-24.HUM,AC-24,Steam humidifier valve,AO,0-10V,%,☐,☐,☐,☐,,
LCP-3637,DDC-3637-08,"AC-22, AC-23, AC-24",AC-24.RH,AC-24,Return/space humidity,AI,4-20mA,%RH,☐,☐,☐,☐,,
LCP-3637,DDC-3637-08,"AC-22, AC-23, AC-24",AC-24.FLT,AC-24,Filter dirty (DP),BI,DI dry contact,-,☐,☐,☐,☐,,
LCP-3637,DDC-3637-08,"AC-22, AC-23, AC-24",AC-24.OAD,AC-24,Outdoor-air damper,AO,0-10V,%,☐,☐,☐,☐,,
LCP-3637,DDC-3637-08,"AC-22, AC-23, AC-24",AC-24.FRZ,AC-24,Freeze protection stat,BI,DI dry contact,-,☐,☐,☐,☐,,
LCP-3637,DDC-3637-09,"AC-25, AC-27",AC-25.RUN,AC-25,Supply fan run status,BI,DI dry contact,-,☐,☐,☐,☐,,
LCP-3637,DDC-3637-09,"AC-25, AC-27",AC-25.TRIP,AC-25,Supply fan fault,BI,DI dry contact,-,☐,☐,☐,☐,,
LCP-3637,DDC-3637-09,"AC-25, AC-27",AC-25.SS,AC-25,Supply fan start/stop,BO,DO relay,-,☐,☐,☐,☐,,
LCP-3637,DDC-3637-09,"AC-25, AC-27",AC-25.SPD,AC-25,Supply fan VFD (INV) speed,AO,0-10V,%,☐,☐,☐,☐,,
LCP-3637,DDC-3637-09,"AC-25, AC-27",AC-25.SPDFB,AC-25,Supply fan speed feedback,AI,4-20mA,%,☐,☐,☐,☐,,
LCP-3637,DDC-3637-09,"AC-25, AC-27",AC-25.SAT,AC-25,Supply air temp,AI,4-20mA,°C,☐,☐,☐,☐,,
LCP-3637,DDC-3637-09,"AC-25, AC-27",AC-25.RAT,AC-25,Return air temp,AI,4-20mA,°C,☐,☐,☐,☐,,
LCP-3637,DDC-3637-09,"AC-25, AC-27",AC-25.CCV,AC-25,Cooling coil (CHW) valve,AO,0-10V,%,☐,☐,☐,☐,,
LCP-3637,DDC-3637-09,"AC-25, AC-27",AC-25.HCV,AC-25,Heating coil (steam) valve,AO,0-10V,%,☐,☐,☐,☐,,
LCP-3637,DDC-3637-09,"AC-25, AC-27",AC-25.FLT,AC-25,Filter dirty (DP),BI,DI dry contact,-,☐,☐,☐,☐,,
LCP-3637,DDC-3637-09,"AC-25, AC-27",AC-25.OAD,AC-25,Outdoor-air damper,AO,0-10V,%,☐,☐,☐,☐,,
LCP-3637,DDC-3637-09,"AC-25, AC-27",AC-25.FRZ,AC-25,Freeze protection stat,BI,DI dry contact,-,☐,☐,☐,☐,,
LCP-3637,DDC-3637-09,"AC-25, AC-27",AC-27.RUN,AC-27,Supply fan run status,BI,DI dry contact,-,☐,☐,☐,☐,,
LCP-3637,DDC-3637-09,"AC-25, AC-27",AC-27.TRIP,AC-27,Supply fan fault,BI,DI dry contact,-,☐,☐,☐,☐,,
LCP-3637,DDC-3637-09,"AC-25, AC-27",AC-27.SS,AC-27,Supply fan start/stop,BO,DO relay,-,☐,☐,☐,☐,,
LCP-3637,DDC-3637-09,"AC-25, AC-27",AC-27.SPD,AC-27,Supply fan VFD (INV) speed,AO,0-10V,%,☐,☐,☐,☐,,
LCP-3637,DDC-3637-09,"AC-25, AC-27",AC-27.SPDFB,AC-27,Supply fan speed feedback,AI,4-20mA,%,☐,☐,☐,☐,,
LCP-3637,DDC-3637-09,"AC-25, AC-27",AC-27.SAT,AC-27,Supply air temp,AI,4-20mA,°C,☐,☐,☐,☐,,
LCP-3637,DDC-3637-09,"AC-25, AC-27",AC-27.RAT,AC-27,Return air temp,AI,4-20mA,°C,☐,☐,☐,☐,,
LCP-3637,DDC-3637-09,"AC-25, AC-27",AC-27.CCV,AC-27,Cooling coil (CHW) valve,AO,0-10V,%,☐,☐,☐,☐,,
LCP-3637,DDC-3637-09,"AC-25, AC-27",AC-27.HCV,AC-27,Heating coil (steam) valve,AO,0-10V,%,☐,☐,☐,☐,,
LCP-3637,DDC-3637-09,"AC-25, AC-27",AC-27.HUM,AC-27,Steam humidifier valve,AO,0-10V,%,☐,☐,☐,☐,,
LCP-3637,DDC-3637-09,"AC-25, AC-27",AC-27.RH,AC-27,Return/space humidity,AI,4-20mA,%RH,☐,☐,☐,☐,,
LCP-3637,DDC-3637-09,"AC-25, AC-27",AC-27.FLT,AC-27,Filter dirty (DP),BI,DI dry contact,-,☐,☐,☐,☐,,
LCP-3637,DDC-3637-09,"AC-25, AC-27",AC-27.OAD,AC-27,Outdoor-air damper,AO,0-10V,%,☐,☐,☐,☐,,
LCP-3637,DDC-3637-09,"AC-25, AC-27",AC-27.FRZ,AC-27,Freeze protection stat,BI,DI dry contact,-,☐,☐,☐,☐,,
LCP-3637,DDC-3637-10,FCU-3637,FCU-3637.EN,FCU-3637,Group enable / schedule,BO,DO relay,-,☐,☐,☐,☐,,
LCP-3637,DDC-3637-10,FCU-3637,FCU-3637.MODE,FCU-3637,Cooling/Heating changeover status,BI,DI dry contact,-,☐,☐,☐,☐,,
LCP-3637,DDC-3637-10,FCU-3637,FCU-3637.CWV,FCU-3637,Chilled-water group valve,AO,0-10V,%,☐,☐,☐,☐,,
LCP-3637,DDC-3637-10,FCU-3637,FCU-3637.HWV,FCU-3637,Hot-water group valve,AO,0-10V,%,☐,☐,☐,☐,,
LCP-3637,DDC-3637-10,FCU-3637,FCU-3637.CWBV-F,FCU-3637,Chilled-water BV batch fault,BI,DI dry contact,-,☐,☐,☐,☐,,
LCP-3637,DDC-3637-10,FCU-3637,FCU-3637.HWBV-F,FCU-3637,Hot-water BV batch fault,BI,DI dry contact,-,☐,☐,☐,☐,,
LCP-3637,DDC-3637-10,FCU-3637,FCU-3637.RT,FCU-3637,Zone reference/return temp,AI,4-20mA,°C,☐,☐,☐,☐,,
LCP-3637,DDC-3637-11,"EF-82, EF-83, EF-84",EF-82.SS,EF-82,Start/Stop command,BO,DO relay,-,☐,☐,☐,☐,,
LCP-3637,DDC-3637-11,"EF-82, EF-83, EF-84",EF-82.RUN,EF-82,Run status,BI,DI dry contact,-,☐,☐,☐,☐,,
LCP-3637,DDC-3637-11,"EF-82, EF-83, EF-84",EF-82.TRIP,EF-82,Fault,BI,DI dry contact,-,☐,☐,☐,☐,,
LCP-3637,DDC-3637-11,"EF-82, EF-83, EF-84",EF-83.SS,EF-83,Start/Stop command,BO,DO relay,-,☐,☐,☐,☐,,
LCP-3637,DDC-3637-11,"EF-82, EF-83, EF-84",EF-83.RUN,EF-83,Run status,BI,DI dry contact,-,☐,☐,☐,☐,,
LCP-3637,DDC-3637-11,"EF-82, EF-83, EF-84",EF-83.TRIP,EF-83,Fault,BI,DI dry contact,-,☐,☐,☐,☐,,
LCP-3637,DDC-3637-11,"EF-82, EF-83, EF-84",EF-83.SPD,EF-83,VFD (INV) speed command,AO,0-10V,%,☐,☐,☐,☐,,
LCP-3637,DDC-3637-11,"EF-82, EF-83, EF-84",EF-83.SPDFB,EF-83,VFD speed feedback,AI,4-20mA,%,☐,☐,☐,☐,,
LCP-3637,DDC-3637-11,"EF-82, EF-83, EF-84",EF-84.SS,EF-84,Start/Stop command,BO,DO relay,-,☐,☐,☐,☐,,
LCP-3637,DDC-3637-11,"EF-82, EF-83, EF-84",EF-84.RUN,EF-84,Run status,BI,DI dry contact,-,☐,☐,☐,☐,,
LCP-3637,DDC-3637-11,"EF-82, EF-83, EF-84",EF-84.TRIP,EF-84,Fault,BI,DI dry contact,-,☐,☐,☐,☐,,
LCP-3637,DDC-3637-12,"EF-85, EF-86, EF-89",EF-85.SS,EF-85,Start/Stop command,BO,DO relay,-,☐,☐,☐,☐,,
LCP-3637,DDC-3637-12,"EF-85, EF-86, EF-89",EF-85.RUN,EF-85,Run status,BI,DI dry contact,-,☐,☐,☐,☐,,
LCP-3637,DDC-3637-12,"EF-85, EF-86, EF-89",EF-85.TRIP,EF-85,Fault,BI,DI dry contact,-,☐,☐,☐,☐,,
LCP-3637,DDC-3637-12,"EF-85, EF-86, EF-89",EF-86.SS,EF-86,Start/Stop command,BO,DO relay,-,☐,☐,☐,☐,,
LCP-3637,DDC-3637-12,"EF-85, EF-86, EF-89",EF-86.RUN,EF-86,Run status,BI,DI dry contact,-,☐,☐,☐,☐,,
LCP-3637,DDC-3637-12,"EF-85, EF-86, EF-89",EF-86.TRIP,EF-86,Fault,BI,DI dry contact,-,☐,☐,☐,☐,,
LCP-3637,DDC-3637-12,"EF-85, EF-86, EF-89",EF-89.SS,EF-89,Start/Stop command,BO,DO relay,-,☐,☐,☐,☐,,
LCP-3637,DDC-3637-12,"EF-85, EF-86, EF-89",EF-89.RUN,EF-89,Run status,BI,DI dry contact,-,☐,☐,☐,☐,,
LCP-3637,DDC-3637-12,"EF-85, EF-86, EF-89",EF-89.TRIP,EF-89,Fault,BI,DI dry contact,-,☐,☐,☐,☐,,
LCP-3637,DDC-3637-13,EF-98,EF-98.SS,EF-98,Start/Stop command,BO,DO relay,-,☐,☐,☐,☐,,
LCP-3637,DDC-3637-13,EF-98,EF-98.RUN,EF-98,Run status,BI,DI dry contact,-,☐,☐,☐,☐,,
LCP-3637,DDC-3637-13,EF-98,EF-98.TRIP,EF-98,Fault,BI,DI dry contact,-,☐,☐,☐,☐,,
LCP-1F,DDC-1F-01,AC-7,AC-7.RUN,AC-7,Supply fan run status,BI,DI dry contact,-,☐,☐,☐,☐,,
LCP-1F,DDC-1F-01,AC-7,AC-7.TRIP,AC-7,Supply fan fault,BI,DI dry contact,-,☐,☐,☐,☐,,
LCP-1F,DDC-1F-01,AC-7,AC-7.SS,AC-7,Supply fan start/stop,BO,DO relay,-,☐,☐,☐,☐,,
LCP-1F,DDC-1F-01,AC-7,AC-7.SPD,AC-7,Supply fan VFD (INV) speed,AO,0-10V,%,☐,☐,☐,☐,,
LCP-1F,DDC-1F-01,AC-7,AC-7.SPDFB,AC-7,Supply fan speed feedback,AI,4-20mA,%,☐,☐,☐,☐,,
LCP-1F,DDC-1F-01,AC-7,AC-7.SAT,AC-7,Supply air temp,AI,4-20mA,°C,☐,☐,☐,☐,,
LCP-1F,DDC-1F-01,AC-7,AC-7.RAT,AC-7,Return air temp,AI,4-20mA,°C,☐,☐,☐,☐,,
LCP-1F,DDC-1F-01,AC-7,AC-7.CCV,AC-7,Cooling coil (CHW) valve,AO,0-10V,%,☐,☐,☐,☐,,
LCP-1F,DDC-1F-01,AC-7,AC-7.HCV,AC-7,Heating coil (steam) valve,AO,0-10V,%,☐,☐,☐,☐,,
LCP-1F,DDC-1F-01,AC-7,AC-7.FLT,AC-7,Filter dirty (DP),BI,DI dry contact,-,☐,☐,☐,☐,,
LCP-1F,DDC-1F-01,AC-7,AC-7.OAD,AC-7,Outdoor-air damper,AO,0-10V,%,☐,☐,☐,☐,,
LCP-1F,DDC-1F-01,AC-7,AC-7.FRZ,AC-7,Freeze protection stat,BI,DI dry contact,-,☐,☐,☐,☐,,
LCP-1F,DDC-1F-02,"EVU-1, EVU-2, EVU-3",EVU-1.RUN,EVU-1,Supply fan run status,BI,DI dry contact,-,☐,☐,☐,☐,,
LCP-1F,DDC-1F-02,"EVU-1, EVU-2, EVU-3",EVU-1.TRIP,EVU-1,Supply fan fault,BI,DI dry contact,-,☐,☐,☐,☐,,
LCP-1F,DDC-1F-02,"EVU-1, EVU-2, EVU-3",EVU-1.SS,EVU-1,Supply fan start/stop,BO,DO relay,-,☐,☐,☐,☐,,
LCP-1F,DDC-1F-02,"EVU-1, EVU-2, EVU-3",EVU-1.SPD,EVU-1,Supply fan speed (fixed),AO,0-10V,%,☐,☐,☐,☐,,
LCP-1F,DDC-1F-02,"EVU-1, EVU-2, EVU-3",EVU-1.SAT,EVU-1,Supply (off-coil) air temp,AI,4-20mA,°C,☐,☐,☐,☐,,
LCP-1F,DDC-1F-02,"EVU-1, EVU-2, EVU-3",EVU-1.OAT,EVU-1,Outdoor-air temp (unit inlet),AI,4-20mA,°C,☐,☐,☐,☐,,
LCP-1F,DDC-1F-02,"EVU-1, EVU-2, EVU-3",EVU-1.OARH,EVU-1,Outdoor-air humidity,AI,4-20mA,%RH,☐,☐,☐,☐,,
LCP-1F,DDC-1F-02,"EVU-1, EVU-2, EVU-3",EVU-1.CCV,EVU-1,Cooling coil (CHW) valve,AO,0-10V,%,☐,☐,☐,☐,,
LCP-1F,DDC-1F-02,"EVU-1, EVU-2, EVU-3",EVU-1.HCV,EVU-1,Heating coil (steam) valve,AO,0-10V,%,☐,☐,☐,☐,,
LCP-1F,DDC-1F-02,"EVU-1, EVU-2, EVU-3",EVU-1.HUM,EVU-1,Steam humidifier valve,AO,0-10V,%,☐,☐,☐,☐,,
LCP-1F,DDC-1F-02,"EVU-1, EVU-2, EVU-3",EVU-1.FLT,EVU-1,Filter dirty (DP),BI,DI dry contact,-,☐,☐,☐,☐,,
LCP-1F,DDC-1F-02,"EVU-1, EVU-2, EVU-3",EVU-1.FRZ,EVU-1,Freeze protection stat,BI,DI dry contact,-,☐,☐,☐,☐,,
LCP-1F,DDC-1F-02,"EVU-1, EVU-2, EVU-3",EVU-2.RUN,EVU-2,Supply fan run status,BI,DI dry contact,-,☐,☐,☐,☐,,
LCP-1F,DDC-1F-02,"EVU-1, EVU-2, EVU-3",EVU-2.TRIP,EVU-2,Supply fan fault,BI,DI dry contact,-,☐,☐,☐,☐,,
LCP-1F,DDC-1F-02,"EVU-1, EVU-2, EVU-3",EVU-2.SS,EVU-2,Supply fan start/stop,BO,DO relay,-,☐,☐,☐,☐,,
LCP-1F,DDC-1F-02,"EVU-1, EVU-2, EVU-3",EVU-2.SPD,EVU-2,Supply fan speed (fixed),AO,0-10V,%,☐,☐,☐,☐,,
LCP-1F,DDC-1F-02,"EVU-1, EVU-2, EVU-3",EVU-2.SAT,EVU-2,Supply (off-coil) air temp,AI,4-20mA,°C,☐,☐,☐,☐,,
LCP-1F,DDC-1F-02,"EVU-1, EVU-2, EVU-3",EVU-2.OAT,EVU-2,Outdoor-air temp (unit inlet),AI,4-20mA,°C,☐,☐,☐,☐,,
LCP-1F,DDC-1F-02,"EVU-1, EVU-2, EVU-3",EVU-2.OARH,EVU-2,Outdoor-air humidity,AI,4-20mA,%RH,☐,☐,☐,☐,,
LCP-1F,DDC-1F-02,"EVU-1, EVU-2, EVU-3",EVU-2.CCV,EVU-2,Cooling coil (CHW) valve,AO,0-10V,%,☐,☐,☐,☐,,
LCP-1F,DDC-1F-02,"EVU-1, EVU-2, EVU-3",EVU-2.HCV,EVU-2,Heating coil (steam) valve,AO,0-10V,%,☐,☐,☐,☐,,
LCP-1F,DDC-1F-02,"EVU-1, EVU-2, EVU-3",EVU-2.HUM,EVU-2,Steam humidifier valve,AO,0-10V,%,☐,☐,☐,☐,,
LCP-1F,DDC-1F-02,"EVU-1, EVU-2, EVU-3",EVU-2.FLT,EVU-2,Filter dirty (DP),BI,DI dry contact,-,☐,☐,☐,☐,,
LCP-1F,DDC-1F-02,"EVU-1, EVU-2, EVU-3",EVU-2.FRZ,EVU-2,Freeze protection stat,BI,DI dry contact,-,☐,☐,☐,☐,,
LCP-1F,DDC-1F-02,"EVU-1, EVU-2, EVU-3",EVU-3.RUN,EVU-3,Supply fan run status,BI,DI dry contact,-,☐,☐,☐,☐,,
LCP-1F,DDC-1F-02,"EVU-1, EVU-2, EVU-3",EVU-3.TRIP,EVU-3,Supply fan fault,BI,DI dry contact,-,☐,☐,☐,☐,,
LCP-1F,DDC-1F-02,"EVU-1, EVU-2, EVU-3",EVU-3.SS,EVU-3,Supply fan start/stop,BO,DO relay,-,☐,☐,☐,☐,,
LCP-1F,DDC-1F-02,"EVU-1, EVU-2, EVU-3",EVU-3.SPD,EVU-3,Supply fan speed (fixed),AO,0-10V,%,☐,☐,☐,☐,,
LCP-1F,DDC-1F-02,"EVU-1, EVU-2, EVU-3",EVU-3.SAT,EVU-3,Supply (off-coil) air temp,AI,4-20mA,°C,☐,☐,☐,☐,,
LCP-1F,DDC-1F-02,"EVU-1, EVU-2, EVU-3",EVU-3.OAT,EVU-3,Outdoor-air temp (unit inlet),AI,4-20mA,°C,☐,☐,☐,☐,,
LCP-1F,DDC-1F-02,"EVU-1, EVU-2, EVU-3",EVU-3.OARH,EVU-3,Outdoor-air humidity,AI,4-20mA,%RH,☐,☐,☐,☐,,
LCP-1F,DDC-1F-02,"EVU-1, EVU-2, EVU-3",EVU-3.CCV,EVU-3,Cooling coil (CHW) valve,AO,0-10V,%,☐,☐,☐,☐,,
LCP-1F,DDC-1F-02,"EVU-1, EVU-2, EVU-3",EVU-3.HCV,EVU-3,Heating coil (steam) valve,AO,0-10V,%,☐,☐,☐,☐,,
LCP-1F,DDC-1F-02,"EVU-1, EVU-2, EVU-3",EVU-3.HUM,EVU-3,Steam humidifier valve,AO,0-10V,%,☐,☐,☐,☐,,
LCP-1F,DDC-1F-02,"EVU-1, EVU-2, EVU-3",EVU-3.FLT,EVU-3,Filter dirty (DP),BI,DI dry contact,-,☐,☐,☐,☐,,
LCP-1F,DDC-1F-02,"EVU-1, EVU-2, EVU-3",EVU-3.FRZ,EVU-3,Freeze protection stat,BI,DI dry contact,-,☐,☐,☐,☐,,
LCP-1F,DDC-1F-03,"EF-41, EF-42",EF-41.SS,EF-41,Start/Stop command,BO,DO relay,-,☐,☐,☐,☐,,
LCP-1F,DDC-1F-03,"EF-41, EF-42",EF-41.RUN,EF-41,Run status,BI,DI dry contact,-,☐,☐,☐,☐,,
LCP-1F,DDC-1F-03,"EF-41, EF-42",EF-41.TRIP,EF-41,Fault,BI,DI dry contact,-,☐,☐,☐,☐,,
LCP-1F,DDC-1F-03,"EF-41, EF-42",EF-42.SS,EF-42,Start/Stop command,BO,DO relay,-,☐,☐,☐,☐,,
LCP-1F,DDC-1F-03,"EF-41, EF-42",EF-42.RUN,EF-42,Run status,BI,DI dry contact,-,☐,☐,☐,☐,,
LCP-1F,DDC-1F-03,"EF-41, EF-42",EF-42.TRIP,EF-42,Fault,BI,DI dry contact,-,☐,☐,☐,☐,,
LCP-2F,DDC-2F-01,"AC-8, AC-9, AC-10",AC-8.RUN,AC-8,Supply fan run status,BI,DI dry contact,-,☐,☐,☐,☐,,
LCP-2F,DDC-2F-01,"AC-8, AC-9, AC-10",AC-8.TRIP,AC-8,Supply fan fault,BI,DI dry contact,-,☐,☐,☐,☐,,
LCP-2F,DDC-2F-01,"AC-8, AC-9, AC-10",AC-8.SS,AC-8,Supply fan start/stop,BO,DO relay,-,☐,☐,☐,☐,,
LCP-2F,DDC-2F-01,"AC-8, AC-9, AC-10",AC-8.SPD,AC-8,Supply fan speed (fixed),AO,0-10V,%,☐,☐,☐,☐,,
LCP-2F,DDC-2F-01,"AC-8, AC-9, AC-10",AC-8.SAT,AC-8,Supply air temp,AI,4-20mA,°C,☐,☐,☐,☐,,
LCP-2F,DDC-2F-01,"AC-8, AC-9, AC-10",AC-8.RAT,AC-8,Return air temp,AI,4-20mA,°C,☐,☐,☐,☐,,
LCP-2F,DDC-2F-01,"AC-8, AC-9, AC-10",AC-8.CCV,AC-8,Cooling coil (CHW) valve,AO,0-10V,%,☐,☐,☐,☐,,
LCP-2F,DDC-2F-01,"AC-8, AC-9, AC-10",AC-8.HCV,AC-8,Heating coil (steam) valve,AO,0-10V,%,☐,☐,☐,☐,,
LCP-2F,DDC-2F-01,"AC-8, AC-9, AC-10",AC-8.FLT,AC-8,Filter dirty (DP),BI,DI dry contact,-,☐,☐,☐,☐,,
LCP-2F,DDC-2F-01,"AC-8, AC-9, AC-10",AC-8.OAD,AC-8,Outdoor-air damper,AO,0-10V,%,☐,☐,☐,☐,,
LCP-2F,DDC-2F-01,"AC-8, AC-9, AC-10",AC-8.FRZ,AC-8,Freeze protection stat,BI,DI dry contact,-,☐,☐,☐,☐,,
LCP-2F,DDC-2F-01,"AC-8, AC-9, AC-10",AC-9.RUN,AC-9,Supply fan run status,BI,DI dry contact,-,☐,☐,☐,☐,,
LCP-2F,DDC-2F-01,"AC-8, AC-9, AC-10",AC-9.TRIP,AC-9,Supply fan fault,BI,DI dry contact,-,☐,☐,☐,☐,,
LCP-2F,DDC-2F-01,"AC-8, AC-9, AC-10",AC-9.SS,AC-9,Supply fan start/stop,BO,DO relay,-,☐,☐,☐,☐,,
LCP-2F,DDC-2F-01,"AC-8, AC-9, AC-10",AC-9.SPD,AC-9,Supply fan speed (fixed),AO,0-10V,%,☐,☐,☐,☐,,
LCP-2F,DDC-2F-01,"AC-8, AC-9, AC-10",AC-9.SAT,AC-9,Supply air temp,AI,4-20mA,°C,☐,☐,☐,☐,,
LCP-2F,DDC-2F-01,"AC-8, AC-9, AC-10",AC-9.RAT,AC-9,Return air temp,AI,4-20mA,°C,☐,☐,☐,☐,,
LCP-2F,DDC-2F-01,"AC-8, AC-9, AC-10",AC-9.CCV,AC-9,Cooling coil (CHW) valve,AO,0-10V,%,☐,☐,☐,☐,,
LCP-2F,DDC-2F-01,"AC-8, AC-9, AC-10",AC-9.HCV,AC-9,Heating coil (steam) valve,AO,0-10V,%,☐,☐,☐,☐,,
LCP-2F,DDC-2F-01,"AC-8, AC-9, AC-10",AC-9.FLT,AC-9,Filter dirty (DP),BI,DI dry contact,-,☐,☐,☐,☐,,
LCP-2F,DDC-2F-01,"AC-8, AC-9, AC-10",AC-9.OAD,AC-9,Outdoor-air damper,AO,0-10V,%,☐,☐,☐,☐,,
LCP-2F,DDC-2F-01,"AC-8, AC-9, AC-10",AC-9.FRZ,AC-9,Freeze protection stat,BI,DI dry contact,-,☐,☐,☐,☐,,
LCP-2F,DDC-2F-01,"AC-8, AC-9, AC-10",AC-10.RUN,AC-10,Supply fan run status,BI,DI dry contact,-,☐,☐,☐,☐,,
LCP-2F,DDC-2F-01,"AC-8, AC-9, AC-10",AC-10.TRIP,AC-10,Supply fan fault,BI,DI dry contact,-,☐,☐,☐,☐,,
LCP-2F,DDC-2F-01,"AC-8, AC-9, AC-10",AC-10.SS,AC-10,Supply fan start/stop,BO,DO relay,-,☐,☐,☐,☐,,
LCP-2F,DDC-2F-01,"AC-8, AC-9, AC-10",AC-10.SPD,AC-10,Supply fan VFD (INV) speed,AO,0-10V,%,☐,☐,☐,☐,,
LCP-2F,DDC-2F-01,"AC-8, AC-9, AC-10",AC-10.SPDFB,AC-10,Supply fan speed feedback,AI,4-20mA,%,☐,☐,☐,☐,,
LCP-2F,DDC-2F-01,"AC-8, AC-9, AC-10",AC-10.SAT,AC-10,Supply air temp,AI,4-20mA,°C,☐,☐,☐,☐,,
LCP-2F,DDC-2F-01,"AC-8, AC-9, AC-10",AC-10.RAT,AC-10,Return air temp,AI,4-20mA,°C,☐,☐,☐,☐,,
LCP-2F,DDC-2F-01,"AC-8, AC-9, AC-10",AC-10.CCV,AC-10,Cooling coil (CHW) valve,AO,0-10V,%,☐,☐,☐,☐,,
LCP-2F,DDC-2F-01,"AC-8, AC-9, AC-10",AC-10.HCV,AC-10,Heating coil (steam) valve,AO,0-10V,%,☐,☐,☐,☐,,
LCP-2F,DDC-2F-01,"AC-8, AC-9, AC-10",AC-10.HUM,AC-10,Steam humidifier valve,AO,0-10V,%,☐,☐,☐,☐,,
LCP-2F,DDC-2F-01,"AC-8, AC-9, AC-10",AC-10.RH,AC-10,Return/space humidity,AI,4-20mA,%RH,☐,☐,☐,☐,,
LCP-2F,DDC-2F-01,"AC-8, AC-9, AC-10",AC-10.FLT,AC-10,Filter dirty (DP),BI,DI dry contact,-,☐,☐,☐,☐,,
LCP-2F,DDC-2F-01,"AC-8, AC-9, AC-10",AC-10.OAD,AC-10,Outdoor-air damper,AO,0-10V,%,☐,☐,☐,☐,,
LCP-2F,DDC-2F-01,"AC-8, AC-9, AC-10",AC-10.FRZ,AC-10,Freeze protection stat,BI,DI dry contact,-,☐,☐,☐,☐,,
LCP-2F,DDC-2F-02,"AC-11, AC-12, AC-13",AC-11.RUN,AC-11,Supply fan run status,BI,DI dry contact,-,☐,☐,☐,☐,,
LCP-2F,DDC-2F-02,"AC-11, AC-12, AC-13",AC-11.TRIP,AC-11,Supply fan fault,BI,DI dry contact,-,☐,☐,☐,☐,,
LCP-2F,DDC-2F-02,"AC-11, AC-12, AC-13",AC-11.SS,AC-11,Supply fan start/stop,BO,DO relay,-,☐,☐,☐,☐,,
LCP-2F,DDC-2F-02,"AC-11, AC-12, AC-13",AC-11.SPD,AC-11,Supply fan VFD (INV) speed,AO,0-10V,%,☐,☐,☐,☐,,
LCP-2F,DDC-2F-02,"AC-11, AC-12, AC-13",AC-11.SPDFB,AC-11,Supply fan speed feedback,AI,4-20mA,%,☐,☐,☐,☐,,
LCP-2F,DDC-2F-02,"AC-11, AC-12, AC-13",AC-11.SAT,AC-11,Supply air temp,AI,4-20mA,°C,☐,☐,☐,☐,,
LCP-2F,DDC-2F-02,"AC-11, AC-12, AC-13",AC-11.RAT,AC-11,Return air temp,AI,4-20mA,°C,☐,☐,☐,☐,,
LCP-2F,DDC-2F-02,"AC-11, AC-12, AC-13",AC-11.CCV,AC-11,Cooling coil (CHW) valve,AO,0-10V,%,☐,☐,☐,☐,,
LCP-2F,DDC-2F-02,"AC-11, AC-12, AC-13",AC-11.HCV,AC-11,Heating coil (steam) valve,AO,0-10V,%,☐,☐,☐,☐,,
LCP-2F,DDC-2F-02,"AC-11, AC-12, AC-13",AC-11.FLT,AC-11,Filter dirty (DP),BI,DI dry contact,-,☐,☐,☐,☐,,
LCP-2F,DDC-2F-02,"AC-11, AC-12, AC-13",AC-11.OAD,AC-11,Outdoor-air damper,AO,0-10V,%,☐,☐,☐,☐,,
LCP-2F,DDC-2F-02,"AC-11, AC-12, AC-13",AC-11.FRZ,AC-11,Freeze protection stat,BI,DI dry contact,-,☐,☐,☐,☐,,
LCP-2F,DDC-2F-02,"AC-11, AC-12, AC-13",AC-12.RUN,AC-12,Supply fan run status,BI,DI dry contact,-,☐,☐,☐,☐,,
LCP-2F,DDC-2F-02,"AC-11, AC-12, AC-13",AC-12.TRIP,AC-12,Supply fan fault,BI,DI dry contact,-,☐,☐,☐,☐,,
LCP-2F,DDC-2F-02,"AC-11, AC-12, AC-13",AC-12.SS,AC-12,Supply fan start/stop,BO,DO relay,-,☐,☐,☐,☐,,
LCP-2F,DDC-2F-02,"AC-11, AC-12, AC-13",AC-12.SPD,AC-12,Supply fan VFD (INV) speed,AO,0-10V,%,☐,☐,☐,☐,,
LCP-2F,DDC-2F-02,"AC-11, AC-12, AC-13",AC-12.SPDFB,AC-12,Supply fan speed feedback,AI,4-20mA,%,☐,☐,☐,☐,,
LCP-2F,DDC-2F-02,"AC-11, AC-12, AC-13",AC-12.SAT,AC-12,Supply air temp,AI,4-20mA,°C,☐,☐,☐,☐,,
LCP-2F,DDC-2F-02,"AC-11, AC-12, AC-13",AC-12.RAT,AC-12,Return air temp,AI,4-20mA,°C,☐,☐,☐,☐,,
LCP-2F,DDC-2F-02,"AC-11, AC-12, AC-13",AC-12.CCV,AC-12,Cooling coil (CHW) valve,AO,0-10V,%,☐,☐,☐,☐,,
LCP-2F,DDC-2F-02,"AC-11, AC-12, AC-13",AC-12.HCV,AC-12,Heating coil (steam) valve,AO,0-10V,%,☐,☐,☐,☐,,
LCP-2F,DDC-2F-02,"AC-11, AC-12, AC-13",AC-12.FLT,AC-12,Filter dirty (DP),BI,DI dry contact,-,☐,☐,☐,☐,,
LCP-2F,DDC-2F-02,"AC-11, AC-12, AC-13",AC-12.OAD,AC-12,Outdoor-air damper,AO,0-10V,%,☐,☐,☐,☐,,
LCP-2F,DDC-2F-02,"AC-11, AC-12, AC-13",AC-12.FRZ,AC-12,Freeze protection stat,BI,DI dry contact,-,☐,☐,☐,☐,,
LCP-2F,DDC-2F-02,"AC-11, AC-12, AC-13",AC-13.RUN,AC-13,Supply fan run status,BI,DI dry contact,-,☐,☐,☐,☐,,
LCP-2F,DDC-2F-02,"AC-11, AC-12, AC-13",AC-13.TRIP,AC-13,Supply fan fault,BI,DI dry contact,-,☐,☐,☐,☐,,
LCP-2F,DDC-2F-02,"AC-11, AC-12, AC-13",AC-13.SS,AC-13,Supply fan start/stop,BO,DO relay,-,☐,☐,☐,☐,,
LCP-2F,DDC-2F-02,"AC-11, AC-12, AC-13",AC-13.SPD,AC-13,Supply fan VFD (INV) speed,AO,0-10V,%,☐,☐,☐,☐,,
LCP-2F,DDC-2F-02,"AC-11, AC-12, AC-13",AC-13.SPDFB,AC-13,Supply fan speed feedback,AI,4-20mA,%,☐,☐,☐,☐,,
LCP-2F,DDC-2F-02,"AC-11, AC-12, AC-13",AC-13.SAT,AC-13,Supply air temp,AI,4-20mA,°C,☐,☐,☐,☐,,
LCP-2F,DDC-2F-02,"AC-11, AC-12, AC-13",AC-13.RAT,AC-13,Return air temp,AI,4-20mA,°C,☐,☐,☐,☐,,
LCP-2F,DDC-2F-02,"AC-11, AC-12, AC-13",AC-13.CCV,AC-13,Cooling coil (CHW) valve,AO,0-10V,%,☐,☐,☐,☐,,
LCP-2F,DDC-2F-02,"AC-11, AC-12, AC-13",AC-13.HCV,AC-13,Heating coil (steam) valve,AO,0-10V,%,☐,☐,☐,☐,,
LCP-2F,DDC-2F-02,"AC-11, AC-12, AC-13",AC-13.FLT,AC-13,Filter dirty (DP),BI,DI dry contact,-,☐,☐,☐,☐,,
LCP-2F,DDC-2F-02,"AC-11, AC-12, AC-13",AC-13.OAD,AC-13,Outdoor-air damper,AO,0-10V,%,☐,☐,☐,☐,,
LCP-2F,DDC-2F-02,"AC-11, AC-12, AC-13",AC-13.FRZ,AC-13,Freeze protection stat,BI,DI dry contact,-,☐,☐,☐,☐,,
LCP-2F,DDC-2F-03,"EVU-4, EVU-5, EVU-6",EVU-4.RUN,EVU-4,Supply fan run status,BI,DI dry contact,-,☐,☐,☐,☐,,
LCP-2F,DDC-2F-03,"EVU-4, EVU-5, EVU-6",EVU-4.TRIP,EVU-4,Supply fan fault,BI,DI dry contact,-,☐,☐,☐,☐,,
LCP-2F,DDC-2F-03,"EVU-4, EVU-5, EVU-6",EVU-4.SS,EVU-4,Supply fan start/stop,BO,DO relay,-,☐,☐,☐,☐,,
LCP-2F,DDC-2F-03,"EVU-4, EVU-5, EVU-6",EVU-4.SPD,EVU-4,Supply fan speed (fixed),AO,0-10V,%,☐,☐,☐,☐,,
LCP-2F,DDC-2F-03,"EVU-4, EVU-5, EVU-6",EVU-4.SAT,EVU-4,Supply (off-coil) air temp,AI,4-20mA,°C,☐,☐,☐,☐,,
LCP-2F,DDC-2F-03,"EVU-4, EVU-5, EVU-6",EVU-4.OAT,EVU-4,Outdoor-air temp (unit inlet),AI,4-20mA,°C,☐,☐,☐,☐,,
LCP-2F,DDC-2F-03,"EVU-4, EVU-5, EVU-6",EVU-4.OARH,EVU-4,Outdoor-air humidity,AI,4-20mA,%RH,☐,☐,☐,☐,,
LCP-2F,DDC-2F-03,"EVU-4, EVU-5, EVU-6",EVU-4.CCV,EVU-4,Cooling coil (CHW) valve,AO,0-10V,%,☐,☐,☐,☐,,
LCP-2F,DDC-2F-03,"EVU-4, EVU-5, EVU-6",EVU-4.HCV,EVU-4,Heating coil (steam) valve,AO,0-10V,%,☐,☐,☐,☐,,
LCP-2F,DDC-2F-03,"EVU-4, EVU-5, EVU-6",EVU-4.HUM,EVU-4,Steam humidifier valve,AO,0-10V,%,☐,☐,☐,☐,,
LCP-2F,DDC-2F-03,"EVU-4, EVU-5, EVU-6",EVU-4.FLT,EVU-4,Filter dirty (DP),BI,DI dry contact,-,☐,☐,☐,☐,,
LCP-2F,DDC-2F-03,"EVU-4, EVU-5, EVU-6",EVU-4.FRZ,EVU-4,Freeze protection stat,BI,DI dry contact,-,☐,☐,☐,☐,,
LCP-2F,DDC-2F-03,"EVU-4, EVU-5, EVU-6",EVU-5.RUN,EVU-5,Supply fan run status,BI,DI dry contact,-,☐,☐,☐,☐,,
LCP-2F,DDC-2F-03,"EVU-4, EVU-5, EVU-6",EVU-5.TRIP,EVU-5,Supply fan fault,BI,DI dry contact,-,☐,☐,☐,☐,,
LCP-2F,DDC-2F-03,"EVU-4, EVU-5, EVU-6",EVU-5.SS,EVU-5,Supply fan start/stop,BO,DO relay,-,☐,☐,☐,☐,,
LCP-2F,DDC-2F-03,"EVU-4, EVU-5, EVU-6",EVU-5.SPD,EVU-5,Supply fan speed (fixed),AO,0-10V,%,☐,☐,☐,☐,,
LCP-2F,DDC-2F-03,"EVU-4, EVU-5, EVU-6",EVU-5.SAT,EVU-5,Supply (off-coil) air temp,AI,4-20mA,°C,☐,☐,☐,☐,,
LCP-2F,DDC-2F-03,"EVU-4, EVU-5, EVU-6",EVU-5.OAT,EVU-5,Outdoor-air temp (unit inlet),AI,4-20mA,°C,☐,☐,☐,☐,,
LCP-2F,DDC-2F-03,"EVU-4, EVU-5, EVU-6",EVU-5.OARH,EVU-5,Outdoor-air humidity,AI,4-20mA,%RH,☐,☐,☐,☐,,
LCP-2F,DDC-2F-03,"EVU-4, EVU-5, EVU-6",EVU-5.CCV,EVU-5,Cooling coil (CHW) valve,AO,0-10V,%,☐,☐,☐,☐,,
LCP-2F,DDC-2F-03,"EVU-4, EVU-5, EVU-6",EVU-5.HCV,EVU-5,Heating coil (steam) valve,AO,0-10V,%,☐,☐,☐,☐,,
LCP-2F,DDC-2F-03,"EVU-4, EVU-5, EVU-6",EVU-5.HUM,EVU-5,Steam humidifier valve,AO,0-10V,%,☐,☐,☐,☐,,
LCP-2F,DDC-2F-03,"EVU-4, EVU-5, EVU-6",EVU-5.FLT,EVU-5,Filter dirty (DP),BI,DI dry contact,-,☐,☐,☐,☐,,
LCP-2F,DDC-2F-03,"EVU-4, EVU-5, EVU-6",EVU-5.FRZ,EVU-5,Freeze protection stat,BI,DI dry contact,-,☐,☐,☐,☐,,
LCP-2F,DDC-2F-03,"EVU-4, EVU-5, EVU-6",EVU-6.RUN,EVU-6,Supply fan run status,BI,DI dry contact,-,☐,☐,☐,☐,,
LCP-2F,DDC-2F-03,"EVU-4, EVU-5, EVU-6",EVU-6.TRIP,EVU-6,Supply fan fault,BI,DI dry contact,-,☐,☐,☐,☐,,
LCP-2F,DDC-2F-03,"EVU-4, EVU-5, EVU-6",EVU-6.SS,EVU-6,Supply fan start/stop,BO,DO relay,-,☐,☐,☐,☐,,
LCP-2F,DDC-2F-03,"EVU-4, EVU-5, EVU-6",EVU-6.SPD,EVU-6,Supply fan speed (fixed),AO,0-10V,%,☐,☐,☐,☐,,
LCP-2F,DDC-2F-03,"EVU-4, EVU-5, EVU-6",EVU-6.SAT,EVU-6,Supply (off-coil) air temp,AI,4-20mA,°C,☐,☐,☐,☐,,
LCP-2F,DDC-2F-03,"EVU-4, EVU-5, EVU-6",EVU-6.OAT,EVU-6,Outdoor-air temp (unit inlet),AI,4-20mA,°C,☐,☐,☐,☐,,
LCP-2F,DDC-2F-03,"EVU-4, EVU-5, EVU-6",EVU-6.OARH,EVU-6,Outdoor-air humidity,AI,4-20mA,%RH,☐,☐,☐,☐,,
LCP-2F,DDC-2F-03,"EVU-4, EVU-5, EVU-6",EVU-6.CCV,EVU-6,Cooling coil (CHW) valve,AO,0-10V,%,☐,☐,☐,☐,,
LCP-2F,DDC-2F-03,"EVU-4, EVU-5, EVU-6",EVU-6.HCV,EVU-6,Heating coil (steam) valve,AO,0-10V,%,☐,☐,☐,☐,,
LCP-2F,DDC-2F-03,"EVU-4, EVU-5, EVU-6",EVU-6.HUM,EVU-6,Steam humidifier valve,AO,0-10V,%,☐,☐,☐,☐,,
LCP-2F,DDC-2F-03,"EVU-4, EVU-5, EVU-6",EVU-6.FLT,EVU-6,Filter dirty (DP),BI,DI dry contact,-,☐,☐,☐,☐,,
LCP-2F,DDC-2F-03,"EVU-4, EVU-5, EVU-6",EVU-6.FRZ,EVU-6,Freeze protection stat,BI,DI dry contact,-,☐,☐,☐,☐,,
LCP-2F,DDC-2F-04,"EF-2-1, EF-46, EF-47",EF-2-1.SS,EF-2-1,Start/Stop command,BO,DO relay,-,☐,☐,☐,☐,,
LCP-2F,DDC-2F-04,"EF-2-1, EF-46, EF-47",EF-2-1.RUN,EF-2-1,Run status,BI,DI dry contact,-,☐,☐,☐,☐,,
LCP-2F,DDC-2F-04,"EF-2-1, EF-46, EF-47",EF-2-1.TRIP,EF-2-1,Fault,BI,DI dry contact,-,☐,☐,☐,☐,,
LCP-2F,DDC-2F-04,"EF-2-1, EF-46, EF-47",EF-46.SS,EF-46,Start/Stop command,BO,DO relay,-,☐,☐,☐,☐,,
LCP-2F,DDC-2F-04,"EF-2-1, EF-46, EF-47",EF-46.RUN,EF-46,Run status,BI,DI dry contact,-,☐,☐,☐,☐,,
LCP-2F,DDC-2F-04,"EF-2-1, EF-46, EF-47",EF-46.TRIP,EF-46,Fault,BI,DI dry contact,-,☐,☐,☐,☐,,
LCP-2F,DDC-2F-04,"EF-2-1, EF-46, EF-47",EF-47.SS,EF-47,Start/Stop command,BO,DO relay,-,☐,☐,☐,☐,,
LCP-2F,DDC-2F-04,"EF-2-1, EF-46, EF-47",EF-47.RUN,EF-47,Run status,BI,DI dry contact,-,☐,☐,☐,☐,,
LCP-2F,DDC-2F-04,"EF-2-1, EF-46, EF-47",EF-47.TRIP,EF-47,Fault,BI,DI dry contact,-,☐,☐,☐,☐,,
LCP-3F,DDC-3F-01,"AC-14, AC-15, AC-16",AC-14.RUN,AC-14,Supply fan run status,BI,DI dry contact,-,☐,☐,☐,☐,,
LCP-3F,DDC-3F-01,"AC-14, AC-15, AC-16",AC-14.TRIP,AC-14,Supply fan fault,BI,DI dry contact,-,☐,☐,☐,☐,,
LCP-3F,DDC-3F-01,"AC-14, AC-15, AC-16",AC-14.SS,AC-14,Supply fan start/stop,BO,DO relay,-,☐,☐,☐,☐,,
LCP-3F,DDC-3F-01,"AC-14, AC-15, AC-16",AC-14.SPD,AC-14,Supply fan VFD (INV) speed,AO,0-10V,%,☐,☐,☐,☐,,
LCP-3F,DDC-3F-01,"AC-14, AC-15, AC-16",AC-14.SPDFB,AC-14,Supply fan speed feedback,AI,4-20mA,%,☐,☐,☐,☐,,
LCP-3F,DDC-3F-01,"AC-14, AC-15, AC-16",AC-14.SAT,AC-14,Supply air temp,AI,4-20mA,°C,☐,☐,☐,☐,,
LCP-3F,DDC-3F-01,"AC-14, AC-15, AC-16",AC-14.RAT,AC-14,Return air temp,AI,4-20mA,°C,☐,☐,☐,☐,,
LCP-3F,DDC-3F-01,"AC-14, AC-15, AC-16",AC-14.CCV,AC-14,Cooling coil (CHW) valve,AO,0-10V,%,☐,☐,☐,☐,,
LCP-3F,DDC-3F-01,"AC-14, AC-15, AC-16",AC-14.HCV,AC-14,Heating coil (steam) valve,AO,0-10V,%,☐,☐,☐,☐,,
LCP-3F,DDC-3F-01,"AC-14, AC-15, AC-16",AC-14.HUM,AC-14,Steam humidifier valve,AO,0-10V,%,☐,☐,☐,☐,,
LCP-3F,DDC-3F-01,"AC-14, AC-15, AC-16",AC-14.RH,AC-14,Return/space humidity,AI,4-20mA,%RH,☐,☐,☐,☐,,
LCP-3F,DDC-3F-01,"AC-14, AC-15, AC-16",AC-14.FLT,AC-14,Filter dirty (DP),BI,DI dry contact,-,☐,☐,☐,☐,,
LCP-3F,DDC-3F-01,"AC-14, AC-15, AC-16",AC-14.OAD,AC-14,Outdoor-air damper,AO,0-10V,%,☐,☐,☐,☐,,
LCP-3F,DDC-3F-01,"AC-14, AC-15, AC-16",AC-14.FRZ,AC-14,Freeze protection stat,BI,DI dry contact,-,☐,☐,☐,☐,,
LCP-3F,DDC-3F-01,"AC-14, AC-15, AC-16",AC-15.RUN,AC-15,Supply fan run status,BI,DI dry contact,-,☐,☐,☐,☐,,
LCP-3F,DDC-3F-01,"AC-14, AC-15, AC-16",AC-15.TRIP,AC-15,Supply fan fault,BI,DI dry contact,-,☐,☐,☐,☐,,
LCP-3F,DDC-3F-01,"AC-14, AC-15, AC-16",AC-15.SS,AC-15,Supply fan start/stop,BO,DO relay,-,☐,☐,☐,☐,,
LCP-3F,DDC-3F-01,"AC-14, AC-15, AC-16",AC-15.SPD,AC-15,Supply fan VFD (INV) speed,AO,0-10V,%,☐,☐,☐,☐,,
LCP-3F,DDC-3F-01,"AC-14, AC-15, AC-16",AC-15.SPDFB,AC-15,Supply fan speed feedback,AI,4-20mA,%,☐,☐,☐,☐,,
LCP-3F,DDC-3F-01,"AC-14, AC-15, AC-16",AC-15.SAT,AC-15,Supply air temp,AI,4-20mA,°C,☐,☐,☐,☐,,
LCP-3F,DDC-3F-01,"AC-14, AC-15, AC-16",AC-15.RAT,AC-15,Return air temp,AI,4-20mA,°C,☐,☐,☐,☐,,
LCP-3F,DDC-3F-01,"AC-14, AC-15, AC-16",AC-15.CCV,AC-15,Cooling coil (CHW) valve,AO,0-10V,%,☐,☐,☐,☐,,
LCP-3F,DDC-3F-01,"AC-14, AC-15, AC-16",AC-15.HCV,AC-15,Heating coil (steam) valve,AO,0-10V,%,☐,☐,☐,☐,,
LCP-3F,DDC-3F-01,"AC-14, AC-15, AC-16",AC-15.FLT,AC-15,Filter dirty (DP),BI,DI dry contact,-,☐,☐,☐,☐,,
LCP-3F,DDC-3F-01,"AC-14, AC-15, AC-16",AC-15.OAD,AC-15,Outdoor-air damper,AO,0-10V,%,☐,☐,☐,☐,,
LCP-3F,DDC-3F-01,"AC-14, AC-15, AC-16",AC-15.FRZ,AC-15,Freeze protection stat,BI,DI dry contact,-,☐,☐,☐,☐,,
LCP-3F,DDC-3F-01,"AC-14, AC-15, AC-16",AC-16.RUN,AC-16,Supply fan run status,BI,DI dry contact,-,☐,☐,☐,☐,,
LCP-3F,DDC-3F-01,"AC-14, AC-15, AC-16",AC-16.TRIP,AC-16,Supply fan fault,BI,DI dry contact,-,☐,☐,☐,☐,,
LCP-3F,DDC-3F-01,"AC-14, AC-15, AC-16",AC-16.SS,AC-16,Supply fan start/stop,BO,DO relay,-,☐,☐,☐,☐,,
LCP-3F,DDC-3F-01,"AC-14, AC-15, AC-16",AC-16.SPD,AC-16,Supply fan VFD (INV) speed,AO,0-10V,%,☐,☐,☐,☐,,
LCP-3F,DDC-3F-01,"AC-14, AC-15, AC-16",AC-16.SPDFB,AC-16,Supply fan speed feedback,AI,4-20mA,%,☐,☐,☐,☐,,
LCP-3F,DDC-3F-01,"AC-14, AC-15, AC-16",AC-16.SAT,AC-16,Supply air temp,AI,4-20mA,°C,☐,☐,☐,☐,,
LCP-3F,DDC-3F-01,"AC-14, AC-15, AC-16",AC-16.RAT,AC-16,Return air temp,AI,4-20mA,°C,☐,☐,☐,☐,,
LCP-3F,DDC-3F-01,"AC-14, AC-15, AC-16",AC-16.CCV,AC-16,Cooling coil (CHW) valve,AO,0-10V,%,☐,☐,☐,☐,,
LCP-3F,DDC-3F-01,"AC-14, AC-15, AC-16",AC-16.HCV,AC-16,Heating coil (steam) valve,AO,0-10V,%,☐,☐,☐,☐,,
LCP-3F,DDC-3F-01,"AC-14, AC-15, AC-16",AC-16.FLT,AC-16,Filter dirty (DP),BI,DI dry contact,-,☐,☐,☐,☐,,
LCP-3F,DDC-3F-01,"AC-14, AC-15, AC-16",AC-16.OAD,AC-16,Outdoor-air damper,AO,0-10V,%,☐,☐,☐,☐,,
LCP-3F,DDC-3F-01,"AC-14, AC-15, AC-16",AC-16.FRZ,AC-16,Freeze protection stat,BI,DI dry contact,-,☐,☐,☐,☐,,
LCP-3F,DDC-3F-02,EVU-7,EVU-7.RUN,EVU-7,Supply fan run status,BI,DI dry contact,-,☐,☐,☐,☐,,
LCP-3F,DDC-3F-02,EVU-7,EVU-7.TRIP,EVU-7,Supply fan fault,BI,DI dry contact,-,☐,☐,☐,☐,,
LCP-3F,DDC-3F-02,EVU-7,EVU-7.SS,EVU-7,Supply fan start/stop,BO,DO relay,-,☐,☐,☐,☐,,
LCP-3F,DDC-3F-02,EVU-7,EVU-7.SPD,EVU-7,Supply fan speed (fixed),AO,0-10V,%,☐,☐,☐,☐,,
LCP-3F,DDC-3F-02,EVU-7,EVU-7.SAT,EVU-7,Supply (off-coil) air temp,AI,4-20mA,°C,☐,☐,☐,☐,,
LCP-3F,DDC-3F-02,EVU-7,EVU-7.OAT,EVU-7,Outdoor-air temp (unit inlet),AI,4-20mA,°C,☐,☐,☐,☐,,
LCP-3F,DDC-3F-02,EVU-7,EVU-7.OARH,EVU-7,Outdoor-air humidity,AI,4-20mA,%RH,☐,☐,☐,☐,,
LCP-3F,DDC-3F-02,EVU-7,EVU-7.CCV,EVU-7,Cooling coil (CHW) valve,AO,0-10V,%,☐,☐,☐,☐,,
LCP-3F,DDC-3F-02,EVU-7,EVU-7.HCV,EVU-7,Heating coil (steam) valve,AO,0-10V,%,☐,☐,☐,☐,,
LCP-3F,DDC-3F-02,EVU-7,EVU-7.HUM,EVU-7,Steam humidifier valve,AO,0-10V,%,☐,☐,☐,☐,,
LCP-3F,DDC-3F-02,EVU-7,EVU-7.FLT,EVU-7,Filter dirty (DP),BI,DI dry contact,-,☐,☐,☐,☐,,
LCP-3F,DDC-3F-02,EVU-7,EVU-7.FRZ,EVU-7,Freeze protection stat,BI,DI dry contact,-,☐,☐,☐,☐,,
LCP-3F,DDC-3F-03,"EF-56, EF-60, EF-61",EF-56.SS,EF-56,Start/Stop command,BO,DO relay,-,☐,☐,☐,☐,,
LCP-3F,DDC-3F-03,"EF-56, EF-60, EF-61",EF-56.RUN,EF-56,Run status,BI,DI dry contact,-,☐,☐,☐,☐,,
LCP-3F,DDC-3F-03,"EF-56, EF-60, EF-61",EF-56.TRIP,EF-56,Fault,BI,DI dry contact,-,☐,☐,☐,☐,,
LCP-3F,DDC-3F-03,"EF-56, EF-60, EF-61",EF-60.SS,EF-60,Start/Stop command,BO,DO relay,-,☐,☐,☐,☐,,
LCP-3F,DDC-3F-03,"EF-56, EF-60, EF-61",EF-60.RUN,EF-60,Run status,BI,DI dry contact,-,☐,☐,☐,☐,,
LCP-3F,DDC-3F-03,"EF-56, EF-60, EF-61",EF-60.TRIP,EF-60,Fault,BI,DI dry contact,-,☐,☐,☐,☐,,
LCP-3F,DDC-3F-03,"EF-56, EF-60, EF-61",EF-61.SS,EF-61,Start/Stop command,BO,DO relay,-,☐,☐,☐,☐,,
LCP-3F,DDC-3F-03,"EF-56, EF-60, EF-61",EF-61.RUN,EF-61,Run status,BI,DI dry contact,-,☐,☐,☐,☐,,
LCP-3F,DDC-3F-03,"EF-56, EF-60, EF-61",EF-61.TRIP,EF-61,Fault,BI,DI dry contact,-,☐,☐,☐,☐,,
LCP-3F,DDC-3F-04,"EF-62, EF-76, EF-77",EF-62.SS,EF-62,Start/Stop command,BO,DO relay,-,☐,☐,☐,☐,,
LCP-3F,DDC-3F-04,"EF-62, EF-76, EF-77",EF-62.RUN,EF-62,Run status,BI,DI dry contact,-,☐,☐,☐,☐,,
LCP-3F,DDC-3F-04,"EF-62, EF-76, EF-77",EF-62.TRIP,EF-62,Fault,BI,DI dry contact,-,☐,☐,☐,☐,,
LCP-3F,DDC-3F-04,"EF-62, EF-76, EF-77",EF-76.SS,EF-76,Start/Stop command,BO,DO relay,-,☐,☐,☐,☐,,
LCP-3F,DDC-3F-04,"EF-62, EF-76, EF-77",EF-76.RUN,EF-76,Run status,BI,DI dry contact,-,☐,☐,☐,☐,,
LCP-3F,DDC-3F-04,"EF-62, EF-76, EF-77",EF-76.TRIP,EF-76,Fault,BI,DI dry contact,-,☐,☐,☐,☐,,
LCP-3F,DDC-3F-04,"EF-62, EF-76, EF-77",EF-77.SS,EF-77,Start/Stop command,BO,DO relay,-,☐,☐,☐,☐,,
LCP-3F,DDC-3F-04,"EF-62, EF-76, EF-77",EF-77.RUN,EF-77,Run status,BI,DI dry contact,-,☐,☐,☐,☐,,
LCP-3F,DDC-3F-04,"EF-62, EF-76, EF-77",EF-77.TRIP,EF-77,Fault,BI,DI dry contact,-,☐,☐,☐,☐,,
LCP-4F,DDC-4F-01,"AC-17, AC-18, AC-19",AC-17.RUN,AC-17,Supply fan run status,BI,DI dry contact,-,☐,☐,☐,☐,,
LCP-4F,DDC-4F-01,"AC-17, AC-18, AC-19",AC-17.TRIP,AC-17,Supply fan fault,BI,DI dry contact,-,☐,☐,☐,☐,,
LCP-4F,DDC-4F-01,"AC-17, AC-18, AC-19",AC-17.SS,AC-17,Supply fan start/stop,BO,DO relay,-,☐,☐,☐,☐,,
LCP-4F,DDC-4F-01,"AC-17, AC-18, AC-19",AC-17.SPD,AC-17,Supply fan VFD (INV) speed,AO,0-10V,%,☐,☐,☐,☐,,
LCP-4F,DDC-4F-01,"AC-17, AC-18, AC-19",AC-17.SPDFB,AC-17,Supply fan speed feedback,AI,4-20mA,%,☐,☐,☐,☐,,
LCP-4F,DDC-4F-01,"AC-17, AC-18, AC-19",AC-17.SAT,AC-17,Supply air temp,AI,4-20mA,°C,☐,☐,☐,☐,,
LCP-4F,DDC-4F-01,"AC-17, AC-18, AC-19",AC-17.RAT,AC-17,Return air temp,AI,4-20mA,°C,☐,☐,☐,☐,,
LCP-4F,DDC-4F-01,"AC-17, AC-18, AC-19",AC-17.CCV,AC-17,Cooling coil (CHW) valve,AO,0-10V,%,☐,☐,☐,☐,,
LCP-4F,DDC-4F-01,"AC-17, AC-18, AC-19",AC-17.HCV,AC-17,Heating coil (steam) valve,AO,0-10V,%,☐,☐,☐,☐,,
LCP-4F,DDC-4F-01,"AC-17, AC-18, AC-19",AC-17.FLT,AC-17,Filter dirty (DP),BI,DI dry contact,-,☐,☐,☐,☐,,
LCP-4F,DDC-4F-01,"AC-17, AC-18, AC-19",AC-17.OAD,AC-17,Outdoor-air damper,AO,0-10V,%,☐,☐,☐,☐,,
LCP-4F,DDC-4F-01,"AC-17, AC-18, AC-19",AC-17.FRZ,AC-17,Freeze protection stat,BI,DI dry contact,-,☐,☐,☐,☐,,
LCP-4F,DDC-4F-01,"AC-17, AC-18, AC-19",AC-18.RUN,AC-18,Supply fan run status,BI,DI dry contact,-,☐,☐,☐,☐,,
LCP-4F,DDC-4F-01,"AC-17, AC-18, AC-19",AC-18.TRIP,AC-18,Supply fan fault,BI,DI dry contact,-,☐,☐,☐,☐,,
LCP-4F,DDC-4F-01,"AC-17, AC-18, AC-19",AC-18.SS,AC-18,Supply fan start/stop,BO,DO relay,-,☐,☐,☐,☐,,
LCP-4F,DDC-4F-01,"AC-17, AC-18, AC-19",AC-18.SPD,AC-18,Supply fan VFD (INV) speed,AO,0-10V,%,☐,☐,☐,☐,,
LCP-4F,DDC-4F-01,"AC-17, AC-18, AC-19",AC-18.SPDFB,AC-18,Supply fan speed feedback,AI,4-20mA,%,☐,☐,☐,☐,,
LCP-4F,DDC-4F-01,"AC-17, AC-18, AC-19",AC-18.SAT,AC-18,Supply air temp,AI,4-20mA,°C,☐,☐,☐,☐,,
LCP-4F,DDC-4F-01,"AC-17, AC-18, AC-19",AC-18.RAT,AC-18,Return air temp,AI,4-20mA,°C,☐,☐,☐,☐,,
LCP-4F,DDC-4F-01,"AC-17, AC-18, AC-19",AC-18.CCV,AC-18,Cooling coil (CHW) valve,AO,0-10V,%,☐,☐,☐,☐,,
LCP-4F,DDC-4F-01,"AC-17, AC-18, AC-19",AC-18.HCV,AC-18,Heating coil (steam) valve,AO,0-10V,%,☐,☐,☐,☐,,
LCP-4F,DDC-4F-01,"AC-17, AC-18, AC-19",AC-18.FLT,AC-18,Filter dirty (DP),BI,DI dry contact,-,☐,☐,☐,☐,,
LCP-4F,DDC-4F-01,"AC-17, AC-18, AC-19",AC-18.OAD,AC-18,Outdoor-air damper,AO,0-10V,%,☐,☐,☐,☐,,
LCP-4F,DDC-4F-01,"AC-17, AC-18, AC-19",AC-18.FRZ,AC-18,Freeze protection stat,BI,DI dry contact,-,☐,☐,☐,☐,,
LCP-4F,DDC-4F-01,"AC-17, AC-18, AC-19",AC-19.RUN,AC-19,Supply fan run status,BI,DI dry contact,-,☐,☐,☐,☐,,
LCP-4F,DDC-4F-01,"AC-17, AC-18, AC-19",AC-19.TRIP,AC-19,Supply fan fault,BI,DI dry contact,-,☐,☐,☐,☐,,
LCP-4F,DDC-4F-01,"AC-17, AC-18, AC-19",AC-19.SS,AC-19,Supply fan start/stop,BO,DO relay,-,☐,☐,☐,☐,,
LCP-4F,DDC-4F-01,"AC-17, AC-18, AC-19",AC-19.SPD,AC-19,Supply fan VFD (INV) speed,AO,0-10V,%,☐,☐,☐,☐,,
LCP-4F,DDC-4F-01,"AC-17, AC-18, AC-19",AC-19.SPDFB,AC-19,Supply fan speed feedback,AI,4-20mA,%,☐,☐,☐,☐,,
LCP-4F,DDC-4F-01,"AC-17, AC-18, AC-19",AC-19.SAT,AC-19,Supply air temp,AI,4-20mA,°C,☐,☐,☐,☐,,
LCP-4F,DDC-4F-01,"AC-17, AC-18, AC-19",AC-19.RAT,AC-19,Return air temp,AI,4-20mA,°C,☐,☐,☐,☐,,
LCP-4F,DDC-4F-01,"AC-17, AC-18, AC-19",AC-19.CCV,AC-19,Cooling coil (CHW) valve,AO,0-10V,%,☐,☐,☐,☐,,
LCP-4F,DDC-4F-01,"AC-17, AC-18, AC-19",AC-19.HCV,AC-19,Heating coil (steam) valve,AO,0-10V,%,☐,☐,☐,☐,,
LCP-4F,DDC-4F-01,"AC-17, AC-18, AC-19",AC-19.HUM,AC-19,Steam humidifier valve,AO,0-10V,%,☐,☐,☐,☐,,
LCP-4F,DDC-4F-01,"AC-17, AC-18, AC-19",AC-19.RH,AC-19,Return/space humidity,AI,4-20mA,%RH,☐,☐,☐,☐,,
LCP-4F,DDC-4F-01,"AC-17, AC-18, AC-19",AC-19.FLT,AC-19,Filter dirty (DP),BI,DI dry contact,-,☐,☐,☐,☐,,
LCP-4F,DDC-4F-01,"AC-17, AC-18, AC-19",AC-19.OAD,AC-19,Outdoor-air damper,AO,0-10V,%,☐,☐,☐,☐,,
LCP-4F,DDC-4F-01,"AC-17, AC-18, AC-19",AC-19.FRZ,AC-19,Freeze protection stat,BI,DI dry contact,-,☐,☐,☐,☐,,
LCP-4F,DDC-4F-02,"AC-20, AC-21",AC-20.RUN,AC-20,Supply fan run status,BI,DI dry contact,-,☐,☐,☐,☐,,
LCP-4F,DDC-4F-02,"AC-20, AC-21",AC-20.TRIP,AC-20,Supply fan fault,BI,DI dry contact,-,☐,☐,☐,☐,,
LCP-4F,DDC-4F-02,"AC-20, AC-21",AC-20.SS,AC-20,Supply fan start/stop,BO,DO relay,-,☐,☐,☐,☐,,
LCP-4F,DDC-4F-02,"AC-20, AC-21",AC-20.SPD,AC-20,Supply fan VFD (INV) speed,AO,0-10V,%,☐,☐,☐,☐,,
LCP-4F,DDC-4F-02,"AC-20, AC-21",AC-20.SPDFB,AC-20,Supply fan speed feedback,AI,4-20mA,%,☐,☐,☐,☐,,
LCP-4F,DDC-4F-02,"AC-20, AC-21",AC-20.SAT,AC-20,Supply air temp,AI,4-20mA,°C,☐,☐,☐,☐,,
LCP-4F,DDC-4F-02,"AC-20, AC-21",AC-20.RAT,AC-20,Return air temp,AI,4-20mA,°C,☐,☐,☐,☐,,
LCP-4F,DDC-4F-02,"AC-20, AC-21",AC-20.CCV,AC-20,Cooling coil (CHW) valve,AO,0-10V,%,☐,☐,☐,☐,,
LCP-4F,DDC-4F-02,"AC-20, AC-21",AC-20.HCV,AC-20,Heating coil (steam) valve,AO,0-10V,%,☐,☐,☐,☐,,
LCP-4F,DDC-4F-02,"AC-20, AC-21",AC-20.FLT,AC-20,Filter dirty (DP),BI,DI dry contact,-,☐,☐,☐,☐,,
LCP-4F,DDC-4F-02,"AC-20, AC-21",AC-20.OAD,AC-20,Outdoor-air damper,AO,0-10V,%,☐,☐,☐,☐,,
LCP-4F,DDC-4F-02,"AC-20, AC-21",AC-20.FRZ,AC-20,Freeze protection stat,BI,DI dry contact,-,☐,☐,☐,☐,,
LCP-4F,DDC-4F-02,"AC-20, AC-21",AC-21.RUN,AC-21,Supply fan run status,BI,DI dry contact,-,☐,☐,☐,☐,,
LCP-4F,DDC-4F-02,"AC-20, AC-21",AC-21.TRIP,AC-21,Supply fan fault,BI,DI dry contact,-,☐,☐,☐,☐,,
LCP-4F,DDC-4F-02,"AC-20, AC-21",AC-21.SS,AC-21,Supply fan start/stop,BO,DO relay,-,☐,☐,☐,☐,,
LCP-4F,DDC-4F-02,"AC-20, AC-21",AC-21.SPD,AC-21,Supply fan VFD (INV) speed,AO,0-10V,%,☐,☐,☐,☐,,
LCP-4F,DDC-4F-02,"AC-20, AC-21",AC-21.SPDFB,AC-21,Supply fan speed feedback,AI,4-20mA,%,☐,☐,☐,☐,,
LCP-4F,DDC-4F-02,"AC-20, AC-21",AC-21.SAT,AC-21,Supply air temp,AI,4-20mA,°C,☐,☐,☐,☐,,
LCP-4F,DDC-4F-02,"AC-20, AC-21",AC-21.RAT,AC-21,Return air temp,AI,4-20mA,°C,☐,☐,☐,☐,,
LCP-4F,DDC-4F-02,"AC-20, AC-21",AC-21.CCV,AC-21,Cooling coil (CHW) valve,AO,0-10V,%,☐,☐,☐,☐,,
LCP-4F,DDC-4F-02,"AC-20, AC-21",AC-21.HCV,AC-21,Heating coil (steam) valve,AO,0-10V,%,☐,☐,☐,☐,,
LCP-4F,DDC-4F-02,"AC-20, AC-21",AC-21.FLT,AC-21,Filter dirty (DP),BI,DI dry contact,-,☐,☐,☐,☐,,
LCP-4F,DDC-4F-02,"AC-20, AC-21",AC-21.OAD,AC-21,Outdoor-air damper,AO,0-10V,%,☐,☐,☐,☐,,
LCP-4F,DDC-4F-02,"AC-20, AC-21",AC-21.FRZ,AC-21,Freeze protection stat,BI,DI dry contact,-,☐,☐,☐,☐,,
LCP-4F,DDC-4F-03,"EVU-8, EVU-9, EVU-10",EVU-8.RUN,EVU-8,Supply fan run status,BI,DI dry contact,-,☐,☐,☐,☐,,
LCP-4F,DDC-4F-03,"EVU-8, EVU-9, EVU-10",EVU-8.TRIP,EVU-8,Supply fan fault,BI,DI dry contact,-,☐,☐,☐,☐,,
LCP-4F,DDC-4F-03,"EVU-8, EVU-9, EVU-10",EVU-8.SS,EVU-8,Supply fan start/stop,BO,DO relay,-,☐,☐,☐,☐,,
LCP-4F,DDC-4F-03,"EVU-8, EVU-9, EVU-10",EVU-8.SPD,EVU-8,Supply fan VFD (INV) speed,AO,0-10V,%,☐,☐,☐,☐,,
LCP-4F,DDC-4F-03,"EVU-8, EVU-9, EVU-10",EVU-8.SPDFB,EVU-8,Supply fan speed feedback,AI,4-20mA,%,☐,☐,☐,☐,,
LCP-4F,DDC-4F-03,"EVU-8, EVU-9, EVU-10",EVU-8.SAT,EVU-8,Supply (off-coil) air temp,AI,4-20mA,°C,☐,☐,☐,☐,,
LCP-4F,DDC-4F-03,"EVU-8, EVU-9, EVU-10",EVU-8.OAT,EVU-8,Outdoor-air temp (unit inlet),AI,4-20mA,°C,☐,☐,☐,☐,,
LCP-4F,DDC-4F-03,"EVU-8, EVU-9, EVU-10",EVU-8.OARH,EVU-8,Outdoor-air humidity,AI,4-20mA,%RH,☐,☐,☐,☐,,
LCP-4F,DDC-4F-03,"EVU-8, EVU-9, EVU-10",EVU-8.CCV,EVU-8,Cooling coil (CHW) valve,AO,0-10V,%,☐,☐,☐,☐,,
LCP-4F,DDC-4F-03,"EVU-8, EVU-9, EVU-10",EVU-8.HCV,EVU-8,Heating coil (steam) valve,AO,0-10V,%,☐,☐,☐,☐,,
LCP-4F,DDC-4F-03,"EVU-8, EVU-9, EVU-10",EVU-8.HUM,EVU-8,Steam humidifier valve,AO,0-10V,%,☐,☐,☐,☐,,
LCP-4F,DDC-4F-03,"EVU-8, EVU-9, EVU-10",EVU-8.FLT,EVU-8,Filter dirty (DP),BI,DI dry contact,-,☐,☐,☐,☐,,
LCP-4F,DDC-4F-03,"EVU-8, EVU-9, EVU-10",EVU-8.FRZ,EVU-8,Freeze protection stat,BI,DI dry contact,-,☐,☐,☐,☐,,
LCP-4F,DDC-4F-03,"EVU-8, EVU-9, EVU-10",EVU-9.RUN,EVU-9,Supply fan run status,BI,DI dry contact,-,☐,☐,☐,☐,,
LCP-4F,DDC-4F-03,"EVU-8, EVU-9, EVU-10",EVU-9.TRIP,EVU-9,Supply fan fault,BI,DI dry contact,-,☐,☐,☐,☐,,
LCP-4F,DDC-4F-03,"EVU-8, EVU-9, EVU-10",EVU-9.SS,EVU-9,Supply fan start/stop,BO,DO relay,-,☐,☐,☐,☐,,
LCP-4F,DDC-4F-03,"EVU-8, EVU-9, EVU-10",EVU-9.SPD,EVU-9,Supply fan VFD (INV) speed,AO,0-10V,%,☐,☐,☐,☐,,
LCP-4F,DDC-4F-03,"EVU-8, EVU-9, EVU-10",EVU-9.SPDFB,EVU-9,Supply fan speed feedback,AI,4-20mA,%,☐,☐,☐,☐,,
LCP-4F,DDC-4F-03,"EVU-8, EVU-9, EVU-10",EVU-9.SAT,EVU-9,Supply (off-coil) air temp,AI,4-20mA,°C,☐,☐,☐,☐,,
LCP-4F,DDC-4F-03,"EVU-8, EVU-9, EVU-10",EVU-9.OAT,EVU-9,Outdoor-air temp (unit inlet),AI,4-20mA,°C,☐,☐,☐,☐,,
LCP-4F,DDC-4F-03,"EVU-8, EVU-9, EVU-10",EVU-9.OARH,EVU-9,Outdoor-air humidity,AI,4-20mA,%RH,☐,☐,☐,☐,,
LCP-4F,DDC-4F-03,"EVU-8, EVU-9, EVU-10",EVU-9.CCV,EVU-9,Cooling coil (CHW) valve,AO,0-10V,%,☐,☐,☐,☐,,
LCP-4F,DDC-4F-03,"EVU-8, EVU-9, EVU-10",EVU-9.HCV,EVU-9,Heating coil (steam) valve,AO,0-10V,%,☐,☐,☐,☐,,
LCP-4F,DDC-4F-03,"EVU-8, EVU-9, EVU-10",EVU-9.HUM,EVU-9,Steam humidifier valve,AO,0-10V,%,☐,☐,☐,☐,,
LCP-4F,DDC-4F-03,"EVU-8, EVU-9, EVU-10",EVU-9.FLT,EVU-9,Filter dirty (DP),BI,DI dry contact,-,☐,☐,☐,☐,,
LCP-4F,DDC-4F-03,"EVU-8, EVU-9, EVU-10",EVU-9.FRZ,EVU-9,Freeze protection stat,BI,DI dry contact,-,☐,☐,☐,☐,,
LCP-4F,DDC-4F-03,"EVU-8, EVU-9, EVU-10",EVU-10.RUN,EVU-10,Supply fan run status,BI,DI dry contact,-,☐,☐,☐,☐,,
LCP-4F,DDC-4F-03,"EVU-8, EVU-9, EVU-10",EVU-10.TRIP,EVU-10,Supply fan fault,BI,DI dry contact,-,☐,☐,☐,☐,,
LCP-4F,DDC-4F-03,"EVU-8, EVU-9, EVU-10",EVU-10.SS,EVU-10,Supply fan start/stop,BO,DO relay,-,☐,☐,☐,☐,,
LCP-4F,DDC-4F-03,"EVU-8, EVU-9, EVU-10",EVU-10.SPD,EVU-10,Supply fan VFD (INV) speed,AO,0-10V,%,☐,☐,☐,☐,,
LCP-4F,DDC-4F-03,"EVU-8, EVU-9, EVU-10",EVU-10.SPDFB,EVU-10,Supply fan speed feedback,AI,4-20mA,%,☐,☐,☐,☐,,
LCP-4F,DDC-4F-03,"EVU-8, EVU-9, EVU-10",EVU-10.SAT,EVU-10,Supply (off-coil) air temp,AI,4-20mA,°C,☐,☐,☐,☐,,
LCP-4F,DDC-4F-03,"EVU-8, EVU-9, EVU-10",EVU-10.OAT,EVU-10,Outdoor-air temp (unit inlet),AI,4-20mA,°C,☐,☐,☐,☐,,
LCP-4F,DDC-4F-03,"EVU-8, EVU-9, EVU-10",EVU-10.OARH,EVU-10,Outdoor-air humidity,AI,4-20mA,%RH,☐,☐,☐,☐,,
LCP-4F,DDC-4F-03,"EVU-8, EVU-9, EVU-10",EVU-10.CCV,EVU-10,Cooling coil (CHW) valve,AO,0-10V,%,☐,☐,☐,☐,,
LCP-4F,DDC-4F-03,"EVU-8, EVU-9, EVU-10",EVU-10.HCV,EVU-10,Heating coil (steam) valve,AO,0-10V,%,☐,☐,☐,☐,,
LCP-4F,DDC-4F-03,"EVU-8, EVU-9, EVU-10",EVU-10.HUM,EVU-10,Steam humidifier valve,AO,0-10V,%,☐,☐,☐,☐,,
LCP-4F,DDC-4F-03,"EVU-8, EVU-9, EVU-10",EVU-10.FLT,EVU-10,Filter dirty (DP),BI,DI dry contact,-,☐,☐,☐,☐,,
LCP-4F,DDC-4F-03,"EVU-8, EVU-9, EVU-10",EVU-10.FRZ,EVU-10,Freeze protection stat,BI,DI dry contact,-,☐,☐,☐,☐,,
LCP-4F,DDC-4F-04,"EF-54, EF-55, EF-57",EF-54.SS,EF-54,Start/Stop command,BO,DO relay,-,☐,☐,☐,☐,,
LCP-4F,DDC-4F-04,"EF-54, EF-55, EF-57",EF-54.RUN,EF-54,Run status,BI,DI dry contact,-,☐,☐,☐,☐,,
LCP-4F,DDC-4F-04,"EF-54, EF-55, EF-57",EF-54.TRIP,EF-54,Fault,BI,DI dry contact,-,☐,☐,☐,☐,,
LCP-4F,DDC-4F-04,"EF-54, EF-55, EF-57",EF-55.SS,EF-55,Start/Stop command,BO,DO relay,-,☐,☐,☐,☐,,
LCP-4F,DDC-4F-04,"EF-54, EF-55, EF-57",EF-55.RUN,EF-55,Run status,BI,DI dry contact,-,☐,☐,☐,☐,,
LCP-4F,DDC-4F-04,"EF-54, EF-55, EF-57",EF-55.TRIP,EF-55,Fault,BI,DI dry contact,-,☐,☐,☐,☐,,
LCP-4F,DDC-4F-04,"EF-54, EF-55, EF-57",EF-57.SS,EF-57,Start/Stop command,BO,DO relay,-,☐,☐,☐,☐,,
LCP-4F,DDC-4F-04,"EF-54, EF-55, EF-57",EF-57.RUN,EF-57,Run status,BI,DI dry contact,-,☐,☐,☐,☐,,
LCP-4F,DDC-4F-04,"EF-54, EF-55, EF-57",EF-57.TRIP,EF-57,Fault,BI,DI dry contact,-,☐,☐,☐,☐,,
LCP-4F,DDC-4F-05,"EF-58, EF-59, EF-59-2",EF-58.SS,EF-58,Start/Stop command,BO,DO relay,-,☐,☐,☐,☐,,
LCP-4F,DDC-4F-05,"EF-58, EF-59, EF-59-2",EF-58.RUN,EF-58,Run status,BI,DI dry contact,-,☐,☐,☐,☐,,
LCP-4F,DDC-4F-05,"EF-58, EF-59, EF-59-2",EF-58.TRIP,EF-58,Fault,BI,DI dry contact,-,☐,☐,☐,☐,,
LCP-4F,DDC-4F-05,"EF-58, EF-59, EF-59-2",EF-59.SS,EF-59,Start/Stop command,BO,DO relay,-,☐,☐,☐,☐,,
LCP-4F,DDC-4F-05,"EF-58, EF-59, EF-59-2",EF-59.RUN,EF-59,Run status,BI,DI dry contact,-,☐,☐,☐,☐,,
LCP-4F,DDC-4F-05,"EF-58, EF-59, EF-59-2",EF-59.TRIP,EF-59,Fault,BI,DI dry contact,-,☐,☐,☐,☐,,
LCP-4F,DDC-4F-05,"EF-58, EF-59, EF-59-2",EF-59-2.SS,EF-59-2,Start/Stop command,BO,DO relay,-,☐,☐,☐,☐,,
LCP-4F,DDC-4F-05,"EF-58, EF-59, EF-59-2",EF-59-2.RUN,EF-59-2,Run status,BI,DI dry contact,-,☐,☐,☐,☐,,
LCP-4F,DDC-4F-05,"EF-58, EF-59, EF-59-2",EF-59-2.TRIP,EF-59-2,Fault,BI,DI dry contact,-,☐,☐,☐,☐,,
LCP-4F,DDC-4F-06,"EF-67, EF-69, EF-70",EF-67.SS,EF-67,Start/Stop command,BO,DO relay,-,☐,☐,☐,☐,,
LCP-4F,DDC-4F-06,"EF-67, EF-69, EF-70",EF-67.RUN,EF-67,Run status,BI,DI dry contact,-,☐,☐,☐,☐,,
LCP-4F,DDC-4F-06,"EF-67, EF-69, EF-70",EF-67.TRIP,EF-67,Fault,BI,DI dry contact,-,☐,☐,☐,☐,,
LCP-4F,DDC-4F-06,"EF-67, EF-69, EF-70",EF-69.SS,EF-69,Start/Stop command,BO,DO relay,-,☐,☐,☐,☐,,
LCP-4F,DDC-4F-06,"EF-67, EF-69, EF-70",EF-69.RUN,EF-69,Run status,BI,DI dry contact,-,☐,☐,☐,☐,,
LCP-4F,DDC-4F-06,"EF-67, EF-69, EF-70",EF-69.TRIP,EF-69,Fault,BI,DI dry contact,-,☐,☐,☐,☐,,
LCP-4F,DDC-4F-06,"EF-67, EF-69, EF-70",EF-70.SS,EF-70,Start/Stop command,BO,DO relay,-,☐,☐,☐,☐,,
LCP-4F,DDC-4F-06,"EF-67, EF-69, EF-70",EF-70.RUN,EF-70,Run status,BI,DI dry contact,-,☐,☐,☐,☐,,
LCP-4F,DDC-4F-06,"EF-67, EF-69, EF-70",EF-70.TRIP,EF-70,Fault,BI,DI dry contact,-,☐,☐,☐,☐,,
LCP-4F,DDC-4F-06,"EF-67, EF-69, EF-70",EF-70.SPD,EF-70,VFD (INV) speed command,AO,0-10V,%,☐,☐,☐,☐,,
LCP-4F,DDC-4F-06,"EF-67, EF-69, EF-70",EF-70.SPDFB,EF-70,VFD speed feedback,AI,4-20mA,%,☐,☐,☐,☐,,
LCP-4F,DDC-4F-07,EF-71,EF-71.SS,EF-71,Start/Stop command,BO,DO relay,-,☐,☐,☐,☐,,
LCP-4F,DDC-4F-07,EF-71,EF-71.RUN,EF-71,Run status,BI,DI dry contact,-,☐,☐,☐,☐,,
LCP-4F,DDC-4F-07,EF-71,EF-71.TRIP,EF-71,Fault,BI,DI dry contact,-,☐,☐,☐,☐,,
LCP-PKG,DDC-PKG-01,"PAC-1-1, PAC-1-2, PAC-2",PAC-1-1.RUN,PAC-1-1,Run status,BI,DI dry contact,-,☐,☐,☐,☐,,
LCP-PKG,DDC-PKG-01,"PAC-1-1, PAC-1-2, PAC-2",PAC-1-1.TRIP,PAC-1-1,Fault / alarm,BI,DI dry contact,-,☐,☐,☐,☐,,
LCP-PKG,DDC-PKG-01,"PAC-1-1, PAC-1-2, PAC-2",PAC-1-1.SS,PAC-1-1,Start/Stop command,BO,DO relay,-,☐,☐,☐,☐,,
LCP-PKG,DDC-PKG-01,"PAC-1-1, PAC-1-2, PAC-2",PAC-1-2.RUN,PAC-1-2,Run status,BI,DI dry contact,-,☐,☐,☐,☐,,
LCP-PKG,DDC-PKG-01,"PAC-1-1, PAC-1-2, PAC-2",PAC-1-2.TRIP,PAC-1-2,Fault / alarm,BI,DI dry contact,-,☐,☐,☐,☐,,
LCP-PKG,DDC-PKG-01,"PAC-1-1, PAC-1-2, PAC-2",PAC-1-2.SS,PAC-1-2,Start/Stop command,BO,DO relay,-,☐,☐,☐,☐,,
LCP-PKG,DDC-PKG-01,"PAC-1-1, PAC-1-2, PAC-2",PAC-2.RUN,PAC-2,Run status,BI,DI dry contact,-,☐,☐,☐,☐,,
LCP-PKG,DDC-PKG-01,"PAC-1-1, PAC-1-2, PAC-2",PAC-2.TRIP,PAC-2,Fault / alarm,BI,DI dry contact,-,☐,☐,☐,☐,,
LCP-PKG,DDC-PKG-01,"PAC-1-1, PAC-1-2, PAC-2",PAC-2.SS,PAC-2,Start/Stop command,BO,DO relay,-,☐,☐,☐,☐,,
LCP-PKG,DDC-PKG-02,"PAC-3, PAC-4, PAC-5",PAC-3.RUN,PAC-3,Run status,BI,DI dry contact,-,☐,☐,☐,☐,,
LCP-PKG,DDC-PKG-02,"PAC-3, PAC-4, PAC-5",PAC-3.TRIP,PAC-3,Fault / alarm,BI,DI dry contact,-,☐,☐,☐,☐,,
LCP-PKG,DDC-PKG-02,"PAC-3, PAC-4, PAC-5",PAC-3.SS,PAC-3,Start/Stop command,BO,DO relay,-,☐,☐,☐,☐,,
LCP-PKG,DDC-PKG-02,"PAC-3, PAC-4, PAC-5",PAC-4.RUN,PAC-4,Run status,BI,DI dry contact,-,☐,☐,☐,☐,,
LCP-PKG,DDC-PKG-02,"PAC-3, PAC-4, PAC-5",PAC-4.TRIP,PAC-4,Fault / alarm,BI,DI dry contact,-,☐,☐,☐,☐,,
LCP-PKG,DDC-PKG-02,"PAC-3, PAC-4, PAC-5",PAC-4.SS,PAC-4,Start/Stop command,BO,DO relay,-,☐,☐,☐,☐,,
LCP-PKG,DDC-PKG-02,"PAC-3, PAC-4, PAC-5",PAC-5.RUN,PAC-5,Run status,BI,DI dry contact,-,☐,☐,☐,☐,,
LCP-PKG,DDC-PKG-02,"PAC-3, PAC-4, PAC-5",PAC-5.TRIP,PAC-5,Fault / alarm,BI,DI dry contact,-,☐,☐,☐,☐,,
LCP-PKG,DDC-PKG-02,"PAC-3, PAC-4, PAC-5",PAC-5.SS,PAC-5,Start/Stop command,BO,DO relay,-,☐,☐,☐,☐,,
LCP-PKG,DDC-PKG-03,"PCU-1-1, PCU-1-2, PCU-5",PCU-1-1.RUN,PCU-1-1,Run status,BI,DI dry contact,-,☐,☐,☐,☐,,
LCP-PKG,DDC-PKG-03,"PCU-1-1, PCU-1-2, PCU-5",PCU-1-1.TRIP,PCU-1-1,Fault / alarm,BI,DI dry contact,-,☐,☐,☐,☐,,
LCP-PKG,DDC-PKG-03,"PCU-1-1, PCU-1-2, PCU-5",PCU-1-1.SS,PCU-1-1,Start/Stop command,BO,DO relay,-,☐,☐,☐,☐,,
LCP-PKG,DDC-PKG-03,"PCU-1-1, PCU-1-2, PCU-5",PCU-1-2.RUN,PCU-1-2,Run status,BI,DI dry contact,-,☐,☐,☐,☐,,
LCP-PKG,DDC-PKG-03,"PCU-1-1, PCU-1-2, PCU-5",PCU-1-2.TRIP,PCU-1-2,Fault / alarm,BI,DI dry contact,-,☐,☐,☐,☐,,
LCP-PKG,DDC-PKG-03,"PCU-1-1, PCU-1-2, PCU-5",PCU-1-2.SS,PCU-1-2,Start/Stop command,BO,DO relay,-,☐,☐,☐,☐,,
LCP-PKG,DDC-PKG-03,"PCU-1-1, PCU-1-2, PCU-5",PCU-5.RUN,PCU-5,Run status,BI,DI dry contact,-,☐,☐,☐,☐,,
LCP-PKG,DDC-PKG-03,"PCU-1-1, PCU-1-2, PCU-5",PCU-5.TRIP,PCU-5,Fault / alarm,BI,DI dry contact,-,☐,☐,☐,☐,,
LCP-PKG,DDC-PKG-03,"PCU-1-1, PCU-1-2, PCU-5",PCU-5.SS,PCU-5,Start/Stop command,BO,DO relay,-,☐,☐,☐,☐,,
LCP-PKG,DDC-PKG-04,"PCU-6, PCU-7, PCU-8",PCU-6.RUN,PCU-6,Run status,BI,DI dry contact,-,☐,☐,☐,☐,,
LCP-PKG,DDC-PKG-04,"PCU-6, PCU-7, PCU-8",PCU-6.TRIP,PCU-6,Fault / alarm,BI,DI dry contact,-,☐,☐,☐,☐,,
LCP-PKG,DDC-PKG-04,"PCU-6, PCU-7, PCU-8",PCU-6.SS,PCU-6,Start/Stop command,BO,DO relay,-,☐,☐,☐,☐,,
LCP-PKG,DDC-PKG-04,"PCU-6, PCU-7, PCU-8",PCU-7.RUN,PCU-7,Run status,BI,DI dry contact,-,☐,☐,☐,☐,,
LCP-PKG,DDC-PKG-04,"PCU-6, PCU-7, PCU-8",PCU-7.TRIP,PCU-7,Fault / alarm,BI,DI dry contact,-,☐,☐,☐,☐,,
LCP-PKG,DDC-PKG-04,"PCU-6, PCU-7, PCU-8",PCU-7.SS,PCU-7,Start/Stop command,BO,DO relay,-,☐,☐,☐,☐,,
LCP-PKG,DDC-PKG-04,"PCU-6, PCU-7, PCU-8",PCU-8.RUN,PCU-8,Run status,BI,DI dry contact,-,☐,☐,☐,☐,,
LCP-PKG,DDC-PKG-04,"PCU-6, PCU-7, PCU-8",PCU-8.TRIP,PCU-8,Fault / alarm,BI,DI dry contact,-,☐,☐,☐,☐,,
LCP-PKG,DDC-PKG-04,"PCU-6, PCU-7, PCU-8",PCU-8.SS,PCU-8,Start/Stop command,BO,DO relay,-,☐,☐,☐,☐,,
LCP-PKG,DDC-PKG-05,"PCU-10, PCU-11, PCU-12",PCU-10.RUN,PCU-10,Run status,BI,DI dry contact,-,☐,☐,☐,☐,,
LCP-PKG,DDC-PKG-05,"PCU-10, PCU-11, PCU-12",PCU-10.TRIP,PCU-10,Fault / alarm,BI,DI dry contact,-,☐,☐,☐,☐,,
LCP-PKG,DDC-PKG-05,"PCU-10, PCU-11, PCU-12",PCU-10.SS,PCU-10,Start/Stop command,BO,DO relay,-,☐,☐,☐,☐,,
LCP-PKG,DDC-PKG-05,"PCU-10, PCU-11, PCU-12",PCU-11.RUN,PCU-11,Run status,BI,DI dry contact,-,☐,☐,☐,☐,,
LCP-PKG,DDC-PKG-05,"PCU-10, PCU-11, PCU-12",PCU-11.TRIP,PCU-11,Fault / alarm,BI,DI dry contact,-,☐,☐,☐,☐,,
LCP-PKG,DDC-PKG-05,"PCU-10, PCU-11, PCU-12",PCU-11.SS,PCU-11,Start/Stop command,BO,DO relay,-,☐,☐,☐,☐,,
LCP-PKG,DDC-PKG-05,"PCU-10, PCU-11, PCU-12",PCU-12.RUN,PCU-12,Run status,BI,DI dry contact,-,☐,☐,☐,☐,,
LCP-PKG,DDC-PKG-05,"PCU-10, PCU-11, PCU-12",PCU-12.TRIP,PCU-12,Fault / alarm,BI,DI dry contact,-,☐,☐,☐,☐,,
LCP-PKG,DDC-PKG-05,"PCU-10, PCU-11, PCU-12",PCU-12.SS,PCU-12,Start/Stop command,BO,DO relay,-,☐,☐,☐,☐,,
LCP-PKG,DDC-PKG-06,"PCU-13, PMAC-1",PCU-13.RUN,PCU-13,Run status,BI,DI dry contact,-,☐,☐,☐,☐,,
LCP-PKG,DDC-PKG-06,"PCU-13, PMAC-1",PCU-13.TRIP,PCU-13,Fault / alarm,BI,DI dry contact,-,☐,☐,☐,☐,,
LCP-PKG,DDC-PKG-06,"PCU-13, PMAC-1",PCU-13.SS,PCU-13,Start/Stop command,BO,DO relay,-,☐,☐,☐,☐,,
LCP-PKG,DDC-PKG-06,"PCU-13, PMAC-1",PMAC-1.RUN,PMAC-1,Run status,BI,DI dry contact,-,☐,☐,☐,☐,,
LCP-PKG,DDC-PKG-06,"PCU-13, PMAC-1",PMAC-1.TRIP,PMAC-1,Fault / alarm,BI,DI dry contact,-,☐,☐,☐,☐,,
LCP-PKG,DDC-PKG-06,"PCU-13, PMAC-1",PMAC-1.SS,PMAC-1,Start/Stop command,BO,DO relay,-,☐,☐,☐,☐,,
LCP-PKG,DDC-PKG-07,REFR-1,REFR-1.ALM1,REFR-1,Cold-store/refrigeration alarm — B1F 主厨房一括,BI,DI dry contact,-,☐,☐,☐,☐,,
LCP-PKG,DDC-PKG-07,REFR-1,REFR-1.ALM2,REFR-1,Cold-store/refrigeration alarm — B1F 厨房冷蔵庫異常一括,BI,DI dry contact,-,☐,☐,☐,☐,,
LCP-PKG,DDC-PKG-07,REFR-1,REFR-1.ALM3,REFR-1,Cold-store/refrigeration alarm — MR-1 ル・パティオ厨房,BI,DI dry contact,-,☐,☐,☐,☐,,
LCP-PKG,DDC-PKG-07,REFR-1,REFR-1.ALM4,REFR-1,Cold-store/refrigeration alarm — 2F ゴミ処理室,BI,DI dry contact,-,☐,☐,☐,☐,,
LCP-PKG,DDC-PKG-07,REFR-1,REFR-1.ALM5,REFR-1,Cold-store/refrigeration alarm — 2F カスケイド厨房,BI,DI dry contact,-,☐,☐,☐,☐,,
LCP-PKG,DDC-PKG-07,REFR-1,REFR-1.ALM6,REFR-1,Cold-store/refrigeration alarm — 調理冷蔵庫,BI,DI dry contact,-,☐,☐,☐,☐,,
LCP-PKG,DDC-PKG-07,REFR-1,REFR-1.ALM7,REFR-1,Cold-store/refrigeration alarm — 雲海厨房,BI,DI dry contact,-,☐,☐,☐,☐,,
LCP-LTG,DDC-LTG-01,"LTG-AVIATION, LTG-NEON, LTG-BALCONY-L",LTG-AVIATION.CMD,LTG-AVIATION,On/Off command,BO,DO relay,-,☐,☐,☐,☐,,
LCP-LTG,DDC-LTG-01,"LTG-AVIATION, LTG-NEON, LTG-BALCONY-L",LTG-AVIATION.ST,LTG-AVIATION,Group status,BI,DI dry contact,-,☐,☐,☐,☐,,
LCP-LTG,DDC-LTG-01,"LTG-AVIATION, LTG-NEON, LTG-BALCONY-L",LTG-NEON.CMD,LTG-NEON,On/Off command,BO,DO relay,-,☐,☐,☐,☐,,
LCP-LTG,DDC-LTG-01,"LTG-AVIATION, LTG-NEON, LTG-BALCONY-L",LTG-NEON.ST,LTG-NEON,Group status,BI,DI dry contact,-,☐,☐,☐,☐,,
LCP-LTG,DDC-LTG-01,"LTG-AVIATION, LTG-NEON, LTG-BALCONY-L",LTG-BALCONY-L.CMD,LTG-BALCONY-L,On/Off command,BO,DO relay,-,☐,☐,☐,☐,,
LCP-LTG,DDC-LTG-01,"LTG-AVIATION, LTG-NEON, LTG-BALCONY-L",LTG-BALCONY-L.ST,LTG-BALCONY-L,Group status,BI,DI dry contact,-,☐,☐,☐,☐,,
LCP-LTG,DDC-LTG-02,"LTG-BALCONY-H, LTG-CORRIDOR, LTG-LOBBY",LTG-BALCONY-H.CMD,LTG-BALCONY-H,On/Off command,BO,DO relay,-,☐,☐,☐,☐,,
LCP-LTG,DDC-LTG-02,"LTG-BALCONY-H, LTG-CORRIDOR, LTG-LOBBY",LTG-BALCONY-H.ST,LTG-BALCONY-H,Group status,BI,DI dry contact,-,☐,☐,☐,☐,,
LCP-LTG,DDC-LTG-02,"LTG-BALCONY-H, LTG-CORRIDOR, LTG-LOBBY",LTG-CORRIDOR.CMD,LTG-CORRIDOR,On/Off command,BO,DO relay,-,☐,☐,☐,☐,,
LCP-LTG,DDC-LTG-02,"LTG-BALCONY-H, LTG-CORRIDOR, LTG-LOBBY",LTG-CORRIDOR.ST,LTG-CORRIDOR,Group status,BI,DI dry contact,-,☐,☐,☐,☐,,
LCP-LTG,DDC-LTG-02,"LTG-BALCONY-H, LTG-CORRIDOR, LTG-LOBBY",LTG-LOBBY.CMD,LTG-LOBBY,On/Off command,BO,DO relay,-,☐,☐,☐,☐,,
LCP-LTG,DDC-LTG-02,"LTG-BALCONY-H, LTG-CORRIDOR, LTG-LOBBY",LTG-LOBBY.ST,LTG-LOBBY,Group status,BI,DI dry contact,-,☐,☐,☐,☐,,
LCP-LTG,DDC-LTG-03,"LTG-SOFFIT, LTG-TENANT",LTG-SOFFIT.CMD,LTG-SOFFIT,On/Off command,BO,DO relay,-,☐,☐,☐,☐,,
LCP-LTG,DDC-LTG-03,"LTG-SOFFIT, LTG-TENANT",LTG-SOFFIT.ST,LTG-SOFFIT,Group status,BI,DI dry contact,-,☐,☐,☐,☐,,
LCP-LTG,DDC-LTG-03,"LTG-SOFFIT, LTG-TENANT",LTG-TENANT.CMD,LTG-TENANT,On/Off command,BO,DO relay,-,☐,☐,☐,☐,,
LCP-LTG,DDC-LTG-03,"LTG-SOFFIT, LTG-TENANT",LTG-TENANT.ST,LTG-TENANT,Group status,BI,DI dry contact,-,☐,☐,☐,☐,,
